,word-en,count,word-de,word-es,word-fr,word-zh
0,the,74,die,la,des,排
1,to,68,zu,a,à l ' Assemblée générale,至
2,of,65,von,de,des,联 联 年 月 日 月 日 月 月 日 月 月 日 月 月 月 日 月 月 日 月 月 日 月 月 月 日 月 月 日 月 月 月 日 月 的 月 月 月 日 月 月 日 月 的 月 月 月 月 日 月 月 月
3,for,64,für,en lugar de,pour,用于
4,and,60,und,y,et,和
5,a,52,a,a,a,a a/
6,in,48,in der,en,dans,内
7,on,39,am,el,Le présent règlement entre en vigueur le vingtième jour suivant celui de sa publication au Journal officiel de l'Union européenne.,上 年 月
8,new,38,neu,nuevo,nouveaux,新建新
9,with,37,mit,con,avec,与
10,MIT,35,MIT,MIT,MIT,麻 麻 三
11,AI,17,GESUNDHEITSSCHUTZ,AI,AI,AI AI AI
12,at,17,bei,en el,à,至 年
13,students,16,Schüler,estudiantes,étudiants,学生 学生
14,global,15,global,mundial,mondial,全球环球
15,an,14,und,an,et/ou,"a , a , a , a , a , a"
16,How,14,Wie,Cómo,Comment,如何如何
17,after,13,nach,después,après,之后
18,Class,13,Klasse,Clase,Classe,班级
19,Study,13,Studie,Estudio,Etude,研究研究
20,Harvard,12,"L 347 vom 20.12.2013, S. 671.",Harvard,Harvard (États-Unis d'Amérique),哈佛
21,human,12,Mensch,humanos,humains,人 人 人 人 人 人 人 人 人 人 人 人 人
22,as,9,als,como,comme,计为
23,attack,9,Angriff,ataque,attaque,攻击攻击
24,could,9,könnte,podría,pourrait,能够
25,Green,9,Grün,Verde,Vert,绿绿色
26,Hank,9,Hank,Hank,Hank,汉克
27,Minister,9,Minister,Ministro,Ministre,"部长部长,部长"
28,over,9,Über,más,sur,超过
29,solutions,9,Lösungen,soluciones,solutions,解决方案
30,Syria,9,Syrien,Siria,Syrie,叙利亚 叙利亚
31,Trump,9,Trump,Trump,Le Président. — L'ordre du jour appelle le rapport (doc.,特朗
32,are,8,sie werden,son,sont,是
33,Commencement,8,Beginn,Inicio,Début,开始
34,life,8,Leben,vida,vie,生命
35,shows,8,zeigt,muestra,montre,显示显示
36,work,8,Arbeit,trabajo,Travail,工 工 工 工 工 工 工 工 工 工
37,Boulder,7,Boulder,Boulder,Découpe,发泡机
38,Development,7,Entwicklung,Desarrollo,et le développement,发展、发展、发展、发展
39,energy,7,Energie,energía,énergie,能源能源
40,is,7,wird,es,est,是
41,process,7,Prozess,proceso,processus,进程进程
42,Science,7,Wissenschaft,Ciencia,Sciences,科学科学
43,transition,7,Übergang,transición,transition,过渡期
44,urges,7,Drängen,urge,demande instamment,敦促
45,way,7,Art und Weise,way,Voie,方形
46,address,6,Anschrift,dirección,Adresse,地址地址地址地址地址地址
47,against,6,dagegen,contra,contre,日 年 年 年 月 日
48,Alabali-Radovan,6,Alabali-Radovan,Alabali-Radovan,Alabali-Radovan,阿拉巴利-拉多万
49,cell,6,Zelle,celda,cellule,单元格单元格单元格单元格单元格单元格
50,cells,6,Zellen,células,cellules,单元格单元格单元格单元格
51,cent,6,INSGESAMT,céntimos,%,百分比(%)
52,Corporation,6,Unternehmen,Corporación,Société,公司公司
53,day,6,Tag,día,jour,天天
54,discover,6,entdecken,descubrir,découvrir,发现发现
55,engineering,6,Ingenieurwesen,ingeniería,Ingénierie,工程工程工程
56,Germany,6,Deutschland,Alemania,Allemagne,德国 德国
57,if,6,wenn,si,si,如果
58,inclusion,6,Aufnahme,inclusión,Inclusion,包含
59,it,6,Es wird,it,C'est ça.,"其 其 年 , 其 年 , 其 年 , 其"
60,Judge,6,Richter,Magistrado,Juge,法官 法官 法官 法官 法官 法官 法官 法官 法官
61,magnetic,6,magnetisch,magnético,magnétique,磁磁
62,manufacturing,6,Verarbeitendes Gewerbe,fabricación,l'industrie manufacturière,制造制造业
63,may,6,kann,puede,peut,中 中 中 中 中 中
64,members,6,Mitglieder,miembros,Membres,成员 成员 成员 成员 成员 成员 成员 成员 成员 成员 成员 成员 成员 成员 成员 成员 成员 成员 成员 成员 成员 成员 成员 成员 成员 成员 成员 成员 成员 成员 成员 成员 成员 成员 成员 成员 成员 成员 成员 成员 成员 成员 成员 成员 成员 成员 成员 成员 成员 成员
65,MIT’s,6,MITTEN,MIT’s,MIT.S.E.S.,麻省麻省麻省麻省麻省麻省麻省麻省麻省麻省
66,named,6,benannt,con nombre,Nommé,命名名称
67,per,6,je,per,par,/ 人 / 人
68,proud,6,stolz,orgulloso,fier,骄傲自豪
69,Questions,6,Fragen,Preguntas,Questions,问 问 问 问 问 问 问 问 问 问
70,reduce,6,Verringerung,reducir,réduire,减少
71,Reem,6,Reem,Reem,Reem,Reeem  Reeem  Reeem 雷 Reeem
72,scientists,6,Wissenschaftler,científicos,scientifiques,科学家、科学家和科学家
73,shots,6,Schüsse,chupitos,coups de feu,射击
74,some,6,teilweise,algunos,quelques-uns,部分为某些
75,state,6,Zustand,estado,État,状态状态状态状态
76,Summit,6,Gipfeltreffen,Cumbre,Sommet,首脑会议首脑首脑首脑首脑首脑首脑首脑首脑首脑首脑会议首脑会议首脑会议首脑会议
77,targets,6,Ziele,objetivos,cibles,指标指标指标指标指标指标指标指标指标指标指标
78,Technique,6,Technik,Técnica,Technique,技术
79,terror,6,Terror,terror,terreur,恐怖主义恐怖主义
80,about,5,über,acerca de,à propos de,约约约
81,advance,5,Vorschuss,avance,avance,预预
82,by,5,von,por,par,至
83,D,5,D . . . . . . . . . . . . . . . . . . . . . . . . . . . . . . . . . . . . . . . . . . . . . . . . . . . . . . . . . . . . . . . . . . . . . . . . . . . . . . . . . . . . . . . . . . . . . . . . . . . . . . . . . . . . . . . . . . . . . . . . . . . . . . . . . . . . . . . . . . . . . . . . . . . . . . . . . . . . . . . . . . . . . . . . . . . . . . . . . . . . . . . . . . . . . . . . . . . . . . . . . . . . . . . . . . . . . . . . . . . . . . . . . . . . . . . . . . . . . . . . . . . . . . . . . . . . . .,D,D,D D
84,data,5,Daten,datos,données,数据数据数据数据数据
85,degrees,5,Grad,grados,degrés,摄度度
86,from,5,von,desde,à partir de,调自
87,future,5,Zukunft,futuro,pour l ' avenir,未来
88,graduating,5,Abschluss,graduándose,diplômés,毕业毕业
89,models,5,Modelle,modelos,modèles,模型模型模型
90,potential,5,Potenzial,potencial,potentiel,潜在潜力
91,predict,5,vorhersagen,predecir,prédire,预测预测数
92,research,5,Forschung,investigación,recherche,研究研究研究
93,stand,5,Stand,stand,position,站点
94,tells,5,sagt,lets,dit,线报
95,their,5,deren,su,leurs,他们的
96,they,5,sie/Sie,ellos,ils,和
97,through,5,bis,a través de,à travers,中 中 中
98,using,5,Verwendung,utilizando,utilisant,使用
99,we,5,wir,nosotros,nous,我们
100,’,5,"- Nein, nein, nein, nein, nein, nein, nein, nein, nein, nein, nein, nein, nein, nein, nein, nein, nein, nein, nein, nein, nein, nein, nein, nein, nein, nein, nein, nein, nein, nein, nein, nein, nein, nein, nein, nein, nein, nein, nein, nein, nein, nein, nein, nein, nein, nein, nein, nein, nein, nein, nein, nein, nein, nein, nein, nein, nein, nein, nein, nein, nein, nein, nein, nein, nein, nein, nein, nein, nein, nein, nein, nein, nein, nein, nein, nein, nein, nein, nein, nein, nein, nein, nein.",’,* * * * * * * * * * * * * * * * * * * * * * * * * * * * * * * * * * * * * * * * * * * * * * * * * * * * * * * * * * * * * * * * * * * * * * * * * * * * * * * * * * * * * * * * * * * * * * * * * * * * * * * * * * * * * * * * * * * * * * * * * * * * * * * * * * * * * * * * * * * * * * * * * * * * * * * * * * * * * * * * * * * * * * * * * * * * * * * * * * * * * * * * * * * * * * * * * * * * * * * * * * * * * * * * * * * * * * * * * * * * * * * * * * * * * * * * * * * * * * * * * * * * * * * * * * * * * * * * * * * * * * * * * * * * * * * * * * * * * * * * * * * * * * * * * * * * * * * * * * * * * * * * * * * * * * * * * * * * * * * * * * * * * * * * * * * * * * * * * * * * * * * * * * * * * * * * * * * * * * * * * * * * * * * * * * * * * * * * * * * * * * * * * * * * * * * * * * * * * * * * * * * * * * * * * * * * * * * * * * * * * * * * * * * * * * * * * * * * * * * * * * * * * * * * * * * * * * * * * * * * * * * * * * * * * * * * * * * * * * * * * * * * * * * * * * * * * * * * * * * * * * * * * * * * * *,' ' ;
101,all,4,alle,todos,tous,全部( 全部)
102,American,4,amerikanisch,Americano,Américain,美裔美国人
103,announces,4,kündigt an,anuncia,annonce,宣布宣布
104,any,4,keine,cualquier,n'importe lequel,任何
105,Call,4,Anruf,Llamada,Appeler,调调
106,can,4,kann,puede,peut,能够
107,can’t,4,"Kann, kann, kann, kann, kann, kann, kann, kann, kann, kann, kann, kann, kann, kann, kann, kann, kann, kann, kann, kann, kann, kann, kann, kann, kann.",no puede,C'est bon.,不能”
108,enables,4,ermöglicht,activa,permet,启用启用
109,gift,4,Geschenk,regalo,cadeau,赠礼礼物
110,have,4,haben,tener,ont,拥有
111,history,4,Vorgeschichte,histórico,historique,历史历史历史历史历史历史历史
112,identify,4,Identifizieren,identificar,identifier,识别
113,K,4,"- Nein, nein, nein, nein, nein, nein, nein, nein, nein, nein, nein, nein, nein, nein, nein, nein, nein, nein, nein, nein, nein, nein, nein, nein, nein, nein, nein, nein, nein, nein, nein, nein, nein, nein, nein, nein, nein, nein, nein, nein, nein, nein, nein, nein, nein, nein, nein, nein, nein, nein, nein, nein, nein, nein, nein, nein, nein, nein, nein, nein, nein, nein, nein, nein, nein, nein, nein, nein, nein, nein, nein, nein, nein, nein, nein, nein, nein, nein, nein, nein, nein, nein, nein nein, nein, nein, nein nein, nein nein, nein nein, nein, nein, nein, nein, nein, nein, nein, nein, nein, nein, nein, nein, nein nein, nein nein, nein, nein, nein nein, nein nein, nein nein, nein nein, nein nein, nein, nein, nein nein nein, nein nein, nein nein nein nein nein nein nein nein nein, nein nein nein nein nein nein nein nein nein nein nein nein nein nein nein nein nein nein nein nein nein nein nein nein nein nein nein nein nein nein nein nein nein nein nein nein nein nein nein nein nein nein nein nein nein nein nein nein nein nein nein nein nein nein nein nein nein nein nein nein nein nein nein nein nein nein nein nein nein nein nein nein nein nein nein nein nein nein nein nein nein nein nein nein nein nein nein nein nein nein nein nein nein nein nein nein nein nein nein nein nein nein nein nein nein nein nein nein nein nein nein nein nein nein nein nein nein nein nein nein nein nein nein nein nein nein nein nein nein nein nein nein nein nein nein nein nein nein nein nein nein nein nein nein nein nein nein nein nein nein nein nein nein nein nein nein nein nein nein nein nein nein nein nein nein nein nein nein nein nein nein nein nein nein nein nein nein nein nein nein nein nein nein nein nein nein nein nein nein nein nein nein nein nein nein nein nein nein nein nein nein nein nein nein nein nein nein nein nein nein nein nein nein nein nein nein nein nein nein nein nein nein nein nein nein nein nein nein nein nein nein nein nein nein nein nein nein nein nein nein nein nein nein nein nein nein nein nein nein nein nein nein nein nein nein nein nein nein nein",K,K,K K 级
114,less,4,weniger,menos,moins,小于
115,location,4,Standort,ubicación,lieu,位置位置位置
116,make,4,machen,make,faire,混和 混和
117,multiple,4,Mehrfach,múltiplos,multiples,多个数
118,No,4,Nein,No,Numéro,否 无
119,off,4,aus,apagado,Départ,关闭
120,oil,4,Öl,aceite,huile,石油油油
121,people,4,Menschen,personas,et de la population,人 人 人 人 人 人 人 人
122,Program,4,Programm,Programa,Programme,方案方案
123,School,4,Schule,Escuela,École,学校学校
124,support,4,Unterstützung,Apoyo,Appui,支助支助
125,suspect,4,Verdächtiger,sospechoso,suspect,可疑嫌疑人
126,times,4,Zeiten,veces,heures,时间时间
127,tool,4,Werkzeug,herramienta,outil,工具工具工具
128,toward,4,Richtung,hacia,vers,向
129,up,4,nach oben,arriba,vers le haut,上上
130,water,4,Wasser,agua,eau,水 水
131,Why,4,Warum?,¿Por qué?,Pourquoi,为什么
132,wins,4,gewinnt,gana,gagne,赢赢
133,-,3,"- Nein, nein, nein, nein, nein, nein, nein, nein, nein, nein, nein, nein, nein, nein, nein, nein, nein, nein, nein, nein.",- ¡No! - ¡No!,- Oui.,- 带
134,-year,3,-Jahr,-año,-année,-年份 -年份
135,accessibility,3,Zugänglichkeit,accesibilidad,accessibilité,无障碍环境
136,also,3,auch,también,aussi,"并且,还有"
137,Alzheimer’s,3,Alzheimer,Alzheimer,Alzheimer,阿尔茨海默氏体
138,anomaly,3,Anomalie,anomalía,anomalie,异常异常
139,answer,3,Antwort,respuesta,réponse,答答
140,anyone,3,jeder,nadie,Qui que ce soit,任何人
141,approach,3,Ansatz,enfoque,approche,方 式 式
142,Architecture,3,Architektur,Arquitectura,Architecture,建筑结构结构
143,aviation,3,Luftfahrt,aviación,aviation,航空航空
144,Award,3,Preis,Premio,Prix,奖 奖 奖 奖
145,awards,3,Auszeichnungen,premios,Prix,裁定赔偿金
146,becomes,3,wird,se convierte en,devient,成为
147,Bertsimas,3,Bertsimas,Bertsimas,Bertsimas,伯特西玛斯
148,best,3,am besten,mejor,le meilleur,最佳
149,biology”,3,Biologie . . . . . . . . . . . . . . . . . . . . . . . . . . . . . . . . . . . . . . . . . . . . . . . . . . . . . . . . . . . . . . . . . . . . . . . . . . . . . . . . . . . . . . . . . . . . . . . . . . . . . . . . . . . . . . . . . . . . . . . . . . . . . . . . . . . . . . . . . . . . . . . . . . . . . . . . . . . . . . . . . . . . . . . . . . . . . . . . . . . . . . . . . . . . . . . . . . . . . . . . . . . . . . . . . . . . . . . . . . . . . . . . . . . . . . . . . . . . . . . . . . . . . . . . . . . . . .,biología”,Biologie,生物学”
150,boost,3,Boost,impulsar,Coup de pouce,推进推进
151,bot,3,Bot,bot,bot,立方体体
152,bottleneck,3,Engpass,cuello de botella,goulot d'étranglement,瓶颈
153,brain’s,3,Gehirne,del cerebro,cerveau,大脑
154,bridges,3,Brücken,puentes,ponts,桥梁
155,build,3,Bauen,construir,construire,建设
156,capacity,3,Kapazität,capacidad,capacité,能力能力能力
157,capture,3,Erfassung,captura,Capture,捕捉
158,carrying,3,mitgeführt,transporte,transport,带有
159,catches,3,Fänge,capturas,captures,渔渔渔渔量
160,cells’,3,Zellen . . . . . . . . . . . . . . . . . . . . . . . . . . . . . . . . . . . . . . . . . . . . . . . . . . . . . . . . . . . . . . . . . . . . . . . . . . . . . . . . . . . . . . . . . . . . . . . . . . . . . . . . . . . . . . . . . . . . . . . . . . . . . . . . . . . . . . . . . . . . . . . . . . . . . . . . . . . . . . . . . . . . . . . . . . . . . . . . . . . . . . . . . . . . . . . . . . . . . . . . . . . . . . . . . . . . . . . . . . . . . . . . . . . . . . . . . . . . . . . . . . . . . . . . . . . . . .,células»,cellules,单元格单元格 '
161,Chancellor,3,Kanzler,Canciller,Chancelier,"总理,总理"
162,change,3,Veränderung,cambio,changement,变动
163,charge,3,Erhebung,carga,Frais,收费
164,Climate,3,Klima,Clima,Climat,气候气候 气候
165,CO,3,"L 347 vom 20.12.2013, S. 671.",CO,Secteurs d'activité,COCO
166,collaboration,3,Zusammenarbeit,colaboración,la collaboration,协作
167,commitments,3,Verpflichtungen,compromisos,des engagements,承付款
168,communication,3,Kommunikation,comunicación,et de la communication,通讯通讯通讯通讯
169,compact,3,kompakt,compacto,compact,紧紧
170,Competition,3,Wettbewerb,Competencia,Concurrence,竞争 竞争 竞争 竞争 竞争 竞争 竞争
171,concludes,3,Schlussfolgerungen,CONCLUSIÓN,conclut,结 结 结 结 结
172,connected,3,verbunden,conectado,connecté,连接连接
173,conversion,3,Umwandlung,conversión,conversion,转换
174,cooperation,3,Zusammenarbeit,Cooperación,coopération,合作合作
175,corrosion-resistant,3,Korrosionsbeständig,Resistente a la corrosión,résistant à la corrosion,抗腐蚀
176,course,3,Kurs,curso,cours,课程课程
177,criticizes,3,kritisiert,critica,critique,批评批评
178,crucial,3,entscheidend,crucial,cruciale,关键
179,crude,3,roh,crudo,brut,粗 原油
180,curiosity,3,Neugierde,curiosidad,curiosité,好奇心
181,D-Lab,3,D-Lab,D-Lab,D-Lab,D-拉布
182,deadly,3,tödlich,mortífero,mortel,致命致命
183,Declaration,3,Erklärung,Declaración,Déclaration,宣言宣言
184,density,3,Dichte,densidad,densité,密度密度密度
185,design,3,Entwurf,diseño,conception,设计设计设计
186,detection,3,Nachweis,detección,détection,检测检测
187,developmental,3,entwicklungspolitische,desarrollo,développement,发 发 发 发 发
188,device,3,Einrichtung,dispositivo,dispositif,设备设备
189,diet,3,Diät,dieta,régime alimentaire,饮食
190,Dimitris,3,Dimitris,Dimitris,Dimitris,迪米特里
191,director,3,Direktor,director,réalisateur,主任 主任
192,disabilities,3,Behinderung,discapacidades,handicapés,残疾残疾残疾残疾残疾残疾残疾残疾残疾残疾残疾残疾残疾残疾残疾残疾残疾残疾残疾残疾残疾残疾残疾残疾残疾残疾残疾残疾残疾残疾残疾残疾残疾残疾残疾残疾残疾残疾残疾残疾残疾残疾残疾残疾残疾残疾残疾残疾残疾残疾残疾残疾残疾残疾残疾残疾残疾残疾残疾残疾残疾残疾残疾残疾残疾残疾残疾残疾残疾残疾残疾残疾残疾残疾残疾残疾残疾残疾残疾残疾残疾残疾残疾残疾残疾残疾残疾残疾残疾残疾残疾残疾残疾残疾残疾残疾残疾残疾残疾残疾残疾残疾残疾残疾残疾残疾残疾残疾残疾残疾残疾残疾残疾残疾残疾残疾残疾残疾残疾残疾残疾残疾残疾残疾残疾残疾残疾残疾残疾残疾残疾残疾残疾残疾残疾残疾残疾残疾残疾残疾残疾残疾残疾残疾残疾残疾残疾残疾残疾残疾残疾残疾残疾残疾残疾残疾残疾残疾残疾残疾残疾残疾残疾残疾残疾残疾残疾残疾残疾残疾残疾残疾残疾残疾残疾残疾残疾残疾残疾残疾残疾残疾残疾残疾残疾残疾残疾残疾残疾残疾残疾残疾残疾残疾残疾残疾残疾残疾残疾残疾残疾残疾残疾残疾残疾残疾残疾残疾残疾残疾残疾残疾残疾残疾残疾残疾残疾残疾残疾残疾残疾残疾残疾残疾残疾残疾残疾残疾残疾残疾残疾残疾残疾残疾残疾残疾残疾残疾残疾残疾残疾残疾残疾残疾残疾残疾残疾残疾残疾残疾残疾残疾残疾残疾残疾残疾残疾残疾残疾残疾残疾残疾残疾残疾残疾残疾残疾残疾残疾残疾残疾残疾残疾残疾残疾残疾残疾残疾残疾残疾残疾残疾残疾残疾残疾残疾残疾残疾残疾残疾残疾残疾残疾残疾残疾残疾残疾残疾残疾残疾残疾残疾残疾残疾残疾残疾残疾残疾残疾残疾残疾残疾残疾残疾残疾残疾残疾残疾残疾残疾残疾残疾残疾残疾残疾残疾残疾残疾残疾残疾残疾残疾残疾残疾残疾残疾残疾残疾残疾残疾残疾残疾残疾残疾残疾残疾残疾残疾残疾残疾残疾残疾残疾残疾残疾残疾残疾残疾残疾残疾残疾残疾残疾残疾残疾残疾残疾残疾残疾残疾残疾残疾残疾残疾残疾残疾残疾残疾残疾残疾残疾残疾残疾残疾残疾残疾残疾残疾残疾残疾残疾残疾残疾残疾残疾残疾残疾残疾残疾残疾残疾残疾残疾残疾残疾残疾残疾残疾残疾残疾残疾残疾残疾残疾残疾残疾残疾残疾残疾残疾残疾残疾残疾残疾残疾残疾残疾残疾残疾残疾残疾残疾残疾残疾残疾残疾残疾残疾残疾残疾残疾残疾残疾残疾残疾残疾残疾残疾残疾残疾残疾残疾残疾残疾残疾残疾残疾残疾残疾残疾残疾残疾残疾残疾残疾残疾残疾残疾残疾残疾残疾残疾残疾残疾残疾残疾残疾残疾残疾残疾残疾残疾残疾残疾残疾残疾残疾残疾残疾残疾残疾残疾残疾残疾残疾残疾残疾残疾残疾残疾残疾残疾残疾残疾残疾残疾残疾残疾残疾
193,Disability,3,Behinderung,Discapacidad,Invalidité,残疾残疾残疾残疾
194,diseases,3,Krankheiten,enfermedades,maladies,疾病 疾病 疾病 疾病
195,doses,3,Dosierung,dosis,doses,剂量剂量
196,Drug,3,Arzneimittel,Fármacos,Drogue,毒品 毒品
197,drugs,3,Drogen,drogas,drogues,毒品毒品 毒品
198,during,3,während,durante,pendant,期间
199,dysfunction,3,Dysfunktion,disfunción,dysfonctionnement,功能功能失调
200,economic,3,Wirtschaft,económicos,économique,经济、经济、 经济、 经济、 经济、 经济、 经济、
201,education,3,Bildung,Educación,éducation,学历教育
202,effect,3,Wirkung,efecto,effet,效果效果
203,Eldercare,3,Altenpflege,Cuidado de las personas mayores,Soins aux personnes âgées,老年人护理
204,electric,3,elektrisch,eléctrico,électrique,电动
205,elects,3,wählt,elegidos,élus,选择
206,enable,3,aktivieren,habilitar,activer,启用启用
207,explain,3,erklären,explicar,expliquer,解释解释
208,explore,3,Erforschen,explorar,explorer,探索探索
209,extending,3,Erweiterung,extensión,l'extension,扩展扩展
210,fall,3,Herbst,caída,chute,秋秋
211,feeling,3,Gefühl,sensación,sensation,感觉感觉
212,follow-up,3,Folgemaßnahmen,Seguimiento,Suivi,后续行动后续行动
213,Foreign,3,Ausländische,Extranjeros,Étrangères,外国 外国
214,fractionate,3,fraktioniert,fraccionario,fractionnéate,分数范围
215,framework,3,Rahmen,marco,cadre,框架框架框架框架
216,fuel,3,Kraftstoff,combustible,carburant,燃料燃料燃料燃料燃料燃料燃料
217,gain,3,Gewinn,Ganancia,gain,增益
218,gene,3,Gen,gen,gène,基因基因
219,generates,3,erzeugt,genera,génère,生成
220,graduates,3,Hochschulabsolventen,graduados,diplômés,毕业生
221,Hamburg,3,ZEITSCHRIFTEN,Hamburgo,Hambourg,汉堡汉堡
222,handle,3,Griff,mango,poignée,控件
223,handling,3,Handhabung,manipulación,manipulation,处理处理
224,harder,3,härter,más duro,plus fort,更硬
225,health,3,Gesundheit,Salud,santé,健康健康 健康 健康 健康 健康 健康 健康 健康 健康 健康
226,helping,3,Hilfe,ayudar,aider,帮助帮助
227,helps,3,hilft,ayuda,aide,帮助帮助
228,He’s,3,Er ist,Él es,C'est pas vrai.,他
229,high-fat,3,fettreich,alto contenido en grasas,haute teneur en matières grasses,高脂肪
230,high-speed,3,Hochgeschwindigkeitsfahrzeuge,alta velocidad,à grande vitesse,高速高速
231,highly,3,hoch,altamente,élevée,高
232,history’,3,Geschichte,historia»,Histoire,历史历史
233,huge,3,groß,enorme,énorme,巨大
234,humanity’,3,Menschheit . . . . . . . . . . . . . . . . . . . . . . . . . . . . . . . . . . . . . . . . . . . . . . . . . . . . . . . . . . . . . . . . . . . . . . . . . . . . . . . . . . . . . . . . . . . . . . . . . . . . . . . . . . . . . . . . . . . . . . . . . . . . . . . . . . . . . . . . . . . . . . .,humanidad”,l ' humanité,人类
235,humans,3,Menschen,humanos,humains,人 人 人 人 人 人 人 人 人
236,Imaging,3,Bildgebung,Imágenes,Imagerie,图像成像
237,inclusive,3,Einschließlich,inclusivo,inclusivement,包容性
238,India,3,Indien,India,Inde,印度 印度 印度
239,Initiative,3,Initiative,Iniciativa,Initiative,倡议倡议倡议倡议
240,injection,3,Injektionslösung,inyección,par voie intraveineuse,注射
241,international,3,Veröffentlichungen der Europäischen Gemeinschaften,internacionales,internationaux relatifs aux droits de l ' homme,国际国际
242,intervention,3,Intervention,intervención,l'intervention,干预和干预
243,invites,3,lädt ein,invita,invite,邀请邀请
244,Johann,3,- Ich weiß es nicht. - Ich weiß nicht.,Johann,C'est moi qui l'ai fait.,约翰·约翰
245,join,3,beitreten,unirse,joignez-vous,加入加入加入
246,joke,3,Witz,broma,blague,笑话
247,Journalism,3,Journalismus,Periodismo,Journalisme,新闻新闻
248,Kannon,3,Kannon,Kannon,Kannon,肯农
249,Killian,3,Killian,Killian,Killian,基利安语Name
250,Knight,3,Ritter,Caballero,Chevalier,骑士骑士
251,Knight-Hennessy,3,Ritter-Hennessy,Knight-Hennessy,Chevalier-Hennessy,骑士汉内斯
252,Kornbluth’s,3,Kornbluth,Kornbluth’s,Kornbluth,科恩布卢特的
253,leading,3,führend,liderando,vers l'avant,铅
254,lead”,3,Blei,plomo”,plomb,铅铅”
255,learns,3,lernt,aprende,apprend,学 学 学 学
256,Lee,3,"Lee, bitte.",Lee,Lee,李李
257,lifting,3,Heben,levantamiento,levage,升举
258,lobbies,3,Lobbies,Lobbies,lobbies,圆圈
259,magnet,3,Magnet,imán,aimant,磁磁磁
260,Mary,3,Maria,Mary,Marie,玛丽玛丽
261,materials,3,Werkstoffe,materiales,matériaux,材料
262,McFarling,3,McFarling,McFarling,McFarling,麦克法林
263,measures,3,Maßnahmen,medidas,Mesures à prendre,措施措施措施
264,mechanical,3,mechanisch,mecánico,mécanique,机械 机械
265,Melissa,3,Melissa,Melissa,Mélissa,梅丽莎
266,metabolic,3,metabolisch,metabolismo,métabolique,代代谢
267,might,3,könnte,puede,Peut-être,中
268,military,3,Militärisch,militares,militaires,军事 军事
269,million,3,in Mio.,millones,en millions,百万百万
270,mission-critical,3,geschäftskritische,misión crítica,d ' une mission critique,任务关键任务
271,Mohamed,3,Mohamed,Mohamed,MÉDICAMENT D'EXÉCUTION,穆罕默德·穆罕默德
272,money,3,Geld,dinero,de l ' argent,货币 货币
273,moon,3,Mond,Luna,Lune,月月月月
274,much,3,viel,mucho,beaucoup,多
275,multilateral,3,Multilaterale,multilateral,multilatérale,多边多边多边
276,need,3,Notwendigkeit,necesidad,besoin,需要 需要
277,negation,3,Verneinung,Negación,négation,否定否定
278,Nobles’,3,Adlige,Nobles»,Nobles,贵族
279,normal,3,Normal,normal,normale,正常正常
280,officers,3,Beamte,Oficiales,de l ' Organisation des Nations Unies,干事 干事 干事
281,Overlooked,3,Überwacht,Excedido,Surperçu,被忽略
282,pairs,3,Paare,pares,paires,双对
283,Particles,3,Teilchen,Partículas,Particules,粒子
284,peaceful,3,friedlich,pacífica,pacifique,和平、和平、和平
285,people”,3,Menschen,personas”,population,人与人”
286,period,3,Zeitraum,plazo,période,期间
287,persons,3,Personen,personas,personnes physiques,人 人 人 人
288,physicists,3,Physiker,físicos,physiciens,物理学家
289,physics,3,Physik,física,physique,物理学
290,Ping,3,Ping,Ping,Ping,平 平 平 平
291,Planning,3,Planung,Planificación,Planification,规划 规划 规划 规划 规划 规划 规划 规划
292,pledges,3,Verpfändungen,promesas de contribuciones,annonces de contributions,认捐认捐款
293,pong,3,(Pong) (Pong) (Pong) (Pong) (Pong) (Pong) (Pong) (Pong) (Pong) (Pong) (Pong) (Pong) (Pong) (Pong) (Pong) (Pong) (Pong) (Pong) (Pong) (Pong) (Pong) (Pong) (Pong) (Pong) (Pong) (Pong) (Pong) (Pong) (Pong) (Pong) (Pong) (Pong) (Pong) (Pong) (Pong) (Pong) (Pong) (Pong),pong,pong,海绵
294,population,3,Bevölkerung,Población,population,人口 人口 人口
295,precision,3,Präzision,precisión,précision,精精精精精度
296,problems,3,Probleme,problemas,problèmes,问题 问题
297,produce,3,Erzeugung,productos,produit,生产生产 生产 生产 生产 生产 生产 生产 生产 生产 生产 生产 生产 生产 生产 生产 生产 生产 生产 生产 生产 生产 生产 生产 生产 生产 生产 生产 生产 生产 生产 生产 生产 生产 生产 生产 生产 生产 生产 生产 生产 生产 生产 生产 生产 生产 生产 生产 生产 生产 生产 生产 生产 生产 生产 生产 生产 生产 生产 生产 生产 生产 生产
298,promising,3,vielversprechend,prometedor,prometteur,有希望
299,prosecutor,3,Staatsanwalt,fiscal,Procureur,检察官检察官 检察官检察官
300,protecting,3,Schutz,protección,protection de l'environnement,保护
301,protein,3,Eiweiß,proteína,protéines,蛋蛋蛋蛋蛋白
302,pull,3,Ziehen,tire,Tirer,拉拉拉
303,queries,3,Abfragen,consultas,requêtes,查询
304,rapidly,3,schnell,rápidamente,rapidement,快速快速
305,Rationale,3,Begründung,Justificación,Justification,理由理由
306,reaching,3,Erreicht,Alcanzar,atteindre,达到
307,receives,3,erhält,recibe,reçoit,接收接收
308,reflecting,3,reflektierend,Reflejando,reflétant,反映
309,regions,3,Regionen,regiones,régions,区域
310,removes,3,entfernt,elimina,supprime,删除
311,researchers,3,Forscher,investigadores,chercheurs,研究人员 研究人员
312,Responsible,3,Verantwortlich,Responsable,Responsable,负责
313,returns,3,Renditen,devuelve,retours,返回返回返回
314,Robinson,3,Robinson,Robinson,"M. Robinson, Secrétaire général de l'Organisation des Nations Unies pour l'alimentation et l'agriculture",鲁滨逊
315,robot,3,Roboter,robot,robot,机器人机器人
316,rocks,3,Steine,rocas,rochers,"岩石, 岩石, 岩石, 岩石, 岩石, 岩石, 岩石, 岩石, 岩石"
317,Safeguarding,3,Schutz,Salvaguardia,Protection,保障
318,Sally,3,Sally,Sally,"Sally, c'est tout.",萨莉
319,sanctions,3,Sanktionen,sanciones,sanctions,制裁制裁
320,scenes,3,Szenen,escenas,scènes,场景
321,Scholar,3,Gelehrter,Académico,Chercheur,学者学者
322,SDGs,3,SDGs,ODS,ODD,SDGs 可持续发展目标
323,see,3,siehe,ver,Voir,见见
324,sets,3,Sets,conjuntos,ensembles,套套套套套套套套
325,several,3,mehrere,varios,plusieurs,数个
326,Shanmugam,3,ENTWICKLUNG DER ENTWICKLUNG DER ENTWICKLUNG DER ENTWICKLUNG DER ENTWICKLUNG DER ENTWICKLUNG DER ENTWICKLUNG DER ENTWICKLUNG DER ENTWICKLUNG DER ENTWICKLUNG DER ENTWICKLUNG DER ENTWICKLUNG DER ENTWICKLUNG DER ENTWICKLUNG DER ENTWICKLUNG DER ENTWICKLUNG DER ENTWICKLUNG DER ENTWICKLUNG DER ENTWICKLUNG DER ENTWICKLUNG DER ENTWICKLUNG DER ENTWICKLUNG DER ENTWICKLUNG DER ENTWICKLUNG DER ENTWICKLUNG DER ENTWICKLUNG DER ENTWICKLUNG DER ENTWICKLUNG DER ENTWICKLUNG DER ENTWICKLUNG DER ENTWICKLUNG DER ENTWICKLUNG DER ENTWICKLUNGEN,Shanmugam,Shanmugam,沙努姆
327,shelf,3,Regal,estante,étagère,架架架
328,sides,3,Seiten,lados,côtés,边边边
329,sign,3,Zeichen,signo,signe,符号符号符号
330,sit,3,Sitzen,Siéntense.,Asseyez-vous.,坐 席 坐 席
331,smog,3,Smog,smog,smog,烟雾烟雾
332,Soliman,3,Soliman,Soliman,Soliman,索利曼
333,solvable,3,lösbar,solvable,Solvable,溶解
334,solve,3,lösen,resolver,résoudre,解答
335,someone’s,3,Jemandes,alguien’s,quelqu'un d'autre,某某人的
336,sound,3,Geräusche,sonido,son,声音
337,star,3,Stern,estrella,étoile,恒星星
338,Startup,3,Inbetriebnahme,Inicio,Démarrage,启动启动
339,steel,3,Stahl,acero,acier,钢钢
340,Steven,3,WETTBEWERBSREGELN,Steven,Steven,史蒂文
341,storage,3,Lagerung,almacenamiento,stockage,储存储存
342,story,3,Geschichte,historia,Histoire,故事故事故事
343,strong,3,stark,fuerte,Forte,强
344,successful,3,Erfolg,éxito,succès,成功成功
345,superconductor,3,Supraleiter,superconductor,supraconducteur,超导体
346,supports,3,Unterstützungen,soportes,soutiens,支持支持
347,sustainability,3,Nachhaltigkeit,sostenibilidad,durabilité,可持续性
348,sustainable,3,nachhaltig,sostenible,durable,可持续的可持续
349,Syrian,3,Syrisch,Sirio,Syrien,叙利亚语叙利亚语Name 叙利亚语Name
350,tactics,3,Taktik,tácticas,tactique,战术战术
351,technology,3,Technologie,tecnología,technologie,技 技 技 技 技
352,term,3,Begriff,término,terme,定期
353,th,3,n n n n n n n n n n n n n n n n n n n n n n n n n n n n n n n n n n n n n n n n n n n n n n n n n n n n n n n n n n n n n n n n n n n n n n n n n n n n n n n n n n n n n n n n n n n n n n n n n n n n n n n n n n n n n n n n n n n n n n n n n n n n n n n n n n n n n n n n n n n n n n n n n n n n n n n n n n n n n n n n n n n n n n n n n n n n n n n n n n n n n n n n n n n n n n n n n n n n n n n n n n n n n n n n n n n n n n n n n n n n n n n n n n n n n n n n n n n n n n n n n n n n n n n n n n n n n n n,ió,ème,第 月 月
354,that,3,das,que,C'est-à-dire,",该数额,"
355,that’s,3,Dass,que es,C'est ça.,这一点
356,them,3,sie,ellos,eux,三、它们
357,theoretical,3,Theoretische,teórica,théorique,理论理论
358,therapy,3,Therapie,tratamiento,thérapie,理疗
359,think,3,denken,Piensa,penser,思考思考
360,three,3,Drei,tres,trois,3个 3
361,together,3,zusammen,juntos,ensemble,组合在一起
362,Truong,3,Truong,Truong,Truong,忠哥
363,turbulent,3,turbulent,turbulento,turbulent,动荡
364,type,3,Typ,tipo,type,类型类型类型
365,undergraduate,3,undergraduate,pregrado,premier cycle,本科本科生
366,underwater,3,unter Wasser,bajo el agua,sous-marin,水下
367,US,3,ENTWICKLUNG,Estadounidense,États-Unis,美 美 美
368,use,3,Verwendung,Uso,Utilisation,使用
369,Usha,3,INSGESAMT,Usha,Usha,乌沙
370,vaccination,3,Impfung,vacunación,vaccin,接种疫苗
371,vaccine,3,Impfstoff,vacuna,vaccin,疫苗疫苗疫苗
372,Verghese,3,Verghese,Verghese,Verghese,verghese( verghese) verghese( 弗高)
373,virtually,3,virtuell,virtualmente,pratiquement,虚拟
374,vision,3,Sehvermögen,visión,vision,愿景愿景
375,vision-language,3,Visionssprache,lenguaje de visión,langue de la vision,视觉语言
376,Wadephul,3,Wadephul,Wadephul,Wadephul,韦phul
377,weight,3,Gewicht,peso,Poids,加权数
378,we’re,3,Wir sind,somos,Nous sommes,我们
379,What,3,Was ist?,¿Qué?,Quoi ?,什么什么是什么 是什么( What) 是什么( What)
380,within,3,innerhalb,dentro,à l'intérieur,内
381,without,3,ohne,sin,sans,无
382,words,3,Wörter,palabras,mots,字词词词词
383,worldwide,3,weltweit,en todo el mundo,dans le monde entier,全世界
384,‘It’s,3,„Es handelt sich um,«Es,«C'est-à-dire,`它 '
385,‘Like,3,„Wie,«Me gusta,«Comme,类似
386,“build,3,Bauen,“construir,Construction,“建造
387,“everyday,3,Tag für Tag,“todos los días,Tous les jours,“每天
388,“find,3,®finden,“encontrar,C'est la fin.,“已查明
389,“Livelihoods,3,Lebendigkeiten,“Viviendas,Les moyens de subsistance,“生活
390,”,3,"- Nein, nein, nein, nein, nein, nein, nein, nein, nein, nein, nein, nein, nein, nein, nein, nein, nein, nein, nein, nein, nein, nein, nein, nein, nein, nein, nein, nein, nein, nein, nein, nein, nein, nein, nein, nein, nein, nein, nein, nein, nein, nein, nein, nein, nein, nein, nein, nein, nein, nein, nein, nein, nein, nein, nein, nein, nein, nein, nein, nein, nein, nein, nein, nein, nein, nein, nein, nein, nein, nein, nein, nein, nein, nein, nein, nein, nein, nein, nein, nein, nein, nein, nein.",”,* * * * * * * * * * * * * * * * * * * * * * * * * * * * * * * * * * * * * * * * * * * * * * * * * * * * * * * * * * * * * * * * * * * * * * * * * * * * * * * * * * * * * * * * * * * * * * * * * * * * * * * * * * * * * * * * * * * * * * * * * * * * * * * * * * * * * * * * * * * * * * * * * * * * * * * * * * * * * * * * * * * * * * * * * * * * * * * * * * * * * * * * * * * * * * * * * * * * * * * * * * * * * * * * * * * * * * * * * * * * * * * * * * * * * * * * * * * * * * * * * * * * * * * * * * * * * * * * * * * * * * * * * * * * * * * * * * * * * * * * * * * * * * * * * * * * * * * * * * * * * * * * * * * * * * * * * * * * * * * * * * * * * * * * * * * * * * * * * * * * * * * * * * * * * * * * * * * * * * * * * * * * * * * * * * * * * * * * * * * * * * * * * * * * * * * * * * * * * * * * * * * * * * * * * * * * * * * * * * * * * * * * * * * * * * * * * * * * * * * * * * * * * * * * * * * * * * * * * * * * * * * * * * * * * * * * * * * * * * * * * * * * * * * * * * * * * * * * * * * * * * * * * * * * * *,”
391,Abdul-Jabbar,2,Abdul-Jabbar,Abdul-Jabbar,Abdul-Jabbar,阿卜杜勒·贾巴巴
392,admin,2,Verwaltungsroutine,admin,administrateur,管理员
393,alleged,2,angeblich,alegado,allégué,据称
394,awarded,2,vergeben,adjudicadas,décerné,裁定赔偿金
395,be,2,werden,# Ser # # Ser # # Ser # # Ser # # Ser # Ser #  # Ser # Ser # # Ser # Ser # Ser # Ser # Ser # Ser # Ser # Ser # Ser # Ser # Ser # Ser # Ser # Ser # Ser # Ser # Ser # Ser # Ser # Ser # Ser # Ser       # Ser # Ser  # Ser       # Ser  # Ser   # Ser   # Ser  # Ser   # Ser  # Ser   # Ser  # Ser    # Ser    # Ser    # Ser      # Ser     # Ser        # Ser        # Ser  # Ser          # Ser   # Ser,être,"be be be 的, 是"
396,bias,2,Voreingenommenheit,parcialidad,partialité,性别偏见
397,Biden,2,Biden,Biden,Biden,拜登
398,Biden-era,2,Biden-Ära,Biden-era,Biden-ère,拜登时代
399,Biologists,2,Biologen,Biólogos,Biologistes,生物学家
400,breakthrough,2,Durchbruch,avance,percée,中中点
401,Brown,2,Braun,Marrón,Marron,棕色
402,calling,2,Anrufen,llamando,Appel,调来电话
403,campaign,2,Kampagne,campaña,campagne,运动运动
404,cancer,2,Krebs,cáncer,cancer,癌症癌症
405,Cathleen,2,Cathleen,Cathleen,Cathleen,凯思琳Name
406,caught,2,gefangen,capturados,capturés,被抓获
407,celebration,2,Feier,celebración,Célébration,庆祝庆祝活动
408,Center,2,Zentrum,Centro,Centre,中心中心中心
409,Chrisley,2,"Chrisley, Mitglied der Kommission. - (EN) Herr Präsident!",Chrisley,Chrisley,克里斯利
410,Chrisley's,2,Chrisley's,Chrisley's,Chez Chrisley,克里斯利的
411,Closing,2,Schließung,Cierre,Clôture,闭 闭 闭 闭 闭 闭 闭 闭 闭 闭 闭 闭 闭 闭 闭 闭 闭 闭 闭 闭 闭
412,CNN,2,"L 347 vom 20.12.2013, S. 671.",CNN,CNN,CNN CNN CNN CNN CNN CNN CNN CNN CNN CNN CNN CNN CNN CNN CNN CNN CNN CNN CNN CNN CNN CNN CNN CNN CNN CNN CNN CNN CNN CNN CNN CNN CNN CNN CNN CNN CNN CNN CNN CNN CNN 有
413,Colorado,2,Colorado,Colorado,Colorado,科罗拉多
414,complex,2,komplex,complejo,complexe,复杂复杂
415,consumers,2,Verbraucher,consumidores,consommateurs,消费者消费者
416,cut,2,Schnitt,cortar,Couper,剪切剪切
417,datasets,2,Datensätze,conjuntos de datos,ensembles de données,数据集
418,daughter,2,Tochter,hija,fille,女 儿 儿 女
419,David,2,David,David,C'est toi qui as fait ça.,戴维·戴维
420,dead,2,tot,muerto,mort,死 死
421,death,2,Tod,muerte,décès,死亡死亡
422,DEI,2,DEI,DEI,DEI,德 迪 迪 迪
423,Democratic,2,Demokratisch,Democrática,Démocratique,民主民主民主
424,Department,2,Abteilung,Departamento,Département,部 部 部
425,developing,2,Entwicklung,en desarrollo,développement,发展中发展中国家
426,do,2,tun,@info: tooltip,Faites,do do do 做
427,Dunne,2,"Dunne, dunne, dunne, dunne, dunne, dunne, dunne, dunne, dunne, dunne, dunne, dunne, dunne, dunne, dunne, dunne, dunne, dunne, dunne, dunne, dunne, dunne, dunne, dunne, dunne, dunne.",Dunne,C'est pas vrai.,Dunne 唐
428,early,2,Anfang,Temprano,tôt,早期
429,Economics,2,Wirtschaft,Economía,Économie,经济学经济学
430,economies,2,Wirtschaft,economías,économiques,经济经济体
431,Election,2,Wahl,Elección,Élection,选举 选举 选举 选举 选举 选举 选举 选举 选举 选举 选举 选举 选举 选举 选举 选举 选举 选举 选举 选举 选举 选举 选举 选举 选举 选举 选举 选举 选举 选举 选举 选举 选举 选举 选举 选举 选举 选举 选举 选举 选举 选举 选举 选举 选举 选举 选举 选举 选举 选举 选举 选举 选举 选举 选举 选举 选举 选举 选举 选举 选举 选举 选举 选举 选举 选举 选举 选举 选举 选举 选举 选举 选举 选举 选举 选举 选举 选举 选举 选举 选举 选举 选举 选举 选举 选举 选举 选举 选举 选举 选举 选举 选举 选举 选举 选举 选举 选举 选举 选举 选举 选举 选举 选举 选举 选举 选举 选举 选举 选举 选举 选举 选举 选举 选举 选举 选举 选举 选举 选举 选举 选举 选举 选举 选举 选举 选举 选举 选举 选举 选举 选举 选举 选举 选举 选举 选举 选举 选举 选举 选举 选举 选举 选举 选举 选举 选举 选举 选举 选举 选举 选举 选举 选举 选举 选举 选举 选举 选举 选举 选举 选举 选举 选举 选举 选举 选举 选举 选举 选举 选举 选举 选举 选举 选举 选举 选举 选举 选举 选举 选举 选举 选举 选举 选举 选举 选举 选举 选举 选举 选举 选举 选举 选举 选举 选举 选举 选举 选举 选举 选举 选举 选举 选举 选举 选举 选举 选举 选举 选举 选举 选举 选举 选举 选举 选举 选举 选举 选举 选举 选举 选举 选举 选举 选举 选举选举 选举 选举 选举 选举 选举 选举 选举 选举 选举 选举 选举 选举 选举 选举 选举 选举 选举 选举 选举 选举 选举 选举 选举 选举 选举 选举 选举 选举 选举 选举 选举 选举 选举 选举 选举 选举 选举 选举 选举 选举 选举 选举 选举 选举 选举 选举 选举 选举 选举 选举 选举 选举 选举 选举 选举 选举 选举 选举 选举 选举 选举 选举 选举 选举 选举 选举 选举 选举 选举 选举 选举 选举 选举 选举 选举 选举 选举 选举 选举 选举 选举 选举 选举 选举 选举 选举 选举 选举 选举 选举 选举 选举 选举 选举 选举 选举 选举 选举 选举 选举 选举 选举 选举 选举 选举 选举 选举 选举 选举 选举 选举 选举 选举 选举 选举 选举 选举 选举 选举 选举 选举 选举 选举 选举 选举 选举 选举 选举 选举 选举 选举 选举 选举 选举 选举 选举 选举 选举 选举 选举 选举 选举 选举 选举 选举 选举 选举 选举 选举 选举 选举 选举 选举 选举 选举 选举 选举 选举 选举 选举 选举 选举 选举 选举 选举 选举 选举 选举 选举 选举 选举 选举 选举 选举 选举 选举 选举 选举 选举 选举 选举 选举 选举 选举 选举 选举 选举 选举 选举 选举 选举 选举 选举 选举 选举 选举 选举 选举 选举 选举 选举 选举 选举 选举 选举 选举 选举 选举 选举 选举 选举 选举 选举 选举 选举 选举 选举 选举 选举 选举 选举 选举 选举 选举 选举 选举 选举 选举 选举 选举 选举 选举 选举 选举 选举 选举 选举 选举 选举 选举 选举 选举 选举 选举 选举 选举 选举 选举 选举 选举 选举 选举 选举 选举 选举 选举 选举 选举 选举 选举 选举 选举 选举 选举 选举 选举 选举 选举 选举 选举 选举 选举 选举 选举 选举 选举 选举 选举 选举 选举 选举 选举 选举
432,emerging,2,sich abzeichnend,emergentes,émergents,新兴
433,failures,2,Ausfälle,fallos,défaillances,失败失败
434,fashion,2,Mode,moda,mode,时时时时时时
435,FBI,2,FBI,FBI,F.B.I.,FBI 联邦调查局
436,Fetterman,2,Betterman,Fetterman,Fetterman,芬德曼
437,formation,2,Bildung,formación,formation,形成
438,Gaza,2,Gaza,Gaza,Gaza,加沙
439,genome,2,Erbgut,genoma,génome,基因组组
440,Gifts,2,Geschenke,Regalos,Cadeaux,礼品礼品
441,girls',2,"Mädchen""",niñas,Filles',女童 女童
442,gives,2,gibt,da,donne,给给
443,goes,2,geht,va,Je m'en vais.,继续
444,gun,2,Pistole,pistola,arme à feu,枪炮
445,help,2,Hilfe,ayudar,Aide,帮助帮助帮助
446,here’s,2,Hier's,aquí está,Ici.,这里的
447,home,2,Zuhause,Inicio,chez soi,家 家
448,honorary,2,Ehrenamtlich,honorarios,Honoraires,荣誉荣誉
449,host,2,Gastgeber,host,hôte,主机主机
450,house,2,Haus,casa,maison,居内
451,Inequality,2,Ungleichbehandlung,Desigualdad,Inégalités,不平等
452,investment,2,Investitionen,inversión,Investissements,投资投资投资
453,Israel,2,Israel,Israel,Israël,以色列 以色列
454,James,2,- Ja. - Ja. - Ja. - Ja.,James,Jacques,詹姆斯·詹姆斯
455,kinds,2,Art,tipos,natures,种类种类
456,know,2,wissen,saber,Je sais.,已知
457,launch,2,Start,lanzamiento,lancement,启动启动
458,laws,2,Rechtsvorschriften,leyes,lois,法律 法律 法律 法律 法律 法律 法律 法律 法律 法律 法律 法律 法律 法律 法律 法律 法律 法律 法律 法律 法律 法律 法律 法律 法律 法律 法律 法律 法律 法律 法律 法律 法律 法律 法律 法律 法律 法律 法律 法律 法律 法律 法律 法律 法律 法律 法律 法律 法律 法律 法律 法律 法律 法律 法律 法律 法律 法律 法律 法律 法律 法律 法律 法律 法律 法律 法律 法律 法律
459,Learning,2,Lernen,Aprendizaje,Apprentissage,学习学习学习学习
460,lets,2,kann,¡Vamos!,laisse,"lets , lets , 计"
461,M,2,M . . . . . . . . . . . . . . . . . . . . . . . . . . . . . . . . . . . . . . . . . . . . . . . . . . . . . . . . . . . . . . . . . . . . . . . . . . . . . . . . . . . . . . . . . . . . . . . . . . . . . . . . . . . . . . . . . . . . . . . . . . . . . . . . . . . . . . . . . . . . . . . . . . . . . . . . . . . . . . . . . . . . . . . . . . . . . . . . . . . . . . . . . . . . . . . . . . . . . . . . . . . . . . . . . . . . . . . . . . . . . . . . . . . . . . . . . . . . . . . . . . . . . . . . . . . . . .,M,M,M 男
462,markets,2,Märkte,mercados,marchés,市场市场
463,mayor,2,Bürgermeister,alcalde,maire,市长 市长
464,MBA,2,MBA,MBA,MBA,MBA 甲基溴管理管理
465,meet,2,Treffen,se reúne,rendez-vous,会 会 会 会 会 会 会 会 会 会
466,member,2,Mitglied,miembro,membre,成员成员
467,message,2,Nachricht,mensaje,message,消息消息
468,mobilize,2,mobilisieren,movilizar,mobiliser,调动调动
469,more,2,mehr,más,plus,更多
470,Musk,2,Moschus,Almizcle,Mousse,松木
471,object’s,2,Gegenstand,objeto,Objets,对象
472,Olivia,2,Olivia,Olivia,Olivia,Olivia( 奥利维亚)
473,one,2,eins,uno,une,1个
474,out,2,aus,fuera,dehors,外出
475,pancreatic,2,Bauchspeicheldrüse,pancreático,pancréatique,洲际
476,parents,2,Eltern,padres,parents,父母 父母
477,party,2,Partei,Parte,fête,缔约方
478,Paul,2,"- Nein, nein, nein, nein, nein, nein, nein, nein, nein, nein, nein, nein, nein, nein, nein, nein, nein, nein, nein, nein, nein, nein, nein, nein, nein, nein, nein, nein, nein, nein, nein, nein, nein, nein, nein, nein, nein, nein, nein, nein, nein, nein, nein, nein, nein, nein, nein, nein, nein, nein, nein, nein, nein, nein, nein, nein, nein, nein, nein, nein, nein, nein, nein, nein.",Paul,Paul,保罗 保罗
479,planetary,2,planetarisch,planetaria,planétaire,行星行星行星行星
480,private,2,privat,privado,privé,私立
481,properties,2,Eigenschaften,propiedades,propriétés,属性属性
482,Rand,2,Rand,Rand,C'est pas vrai.,兰德
483,rare,2,Selten,raras,rare,稀有
484,reading,2,Lesen,lectura,lecture,读数
485,recognize,2,erkennen,reconocer,reconnaître,承认
486,release,2,Freigabe,liberación,libération,释放
487,report,2,Bericht,informe,Compte rendu,报告报告报告报告报告报告报告报告报告报告报告报告报告报告报告报告报告报告报告报告报告报告报告报告报告报告报告报告报告报告报告报告报告报告报告报告报告报告报告报告报告报告报告报告报告报告报告报告报告报告报告报告报告报告报告报告报告报告报告报告报告报告报告报告报告报告报告报告报告报告报告报告报告报告报告报告报告报告报告报告报告报告报告报告报告报告报告报告报告报告报告报告报告报告报告报告报告报告报告报告报告报告报告报告报告报告报告报告报告报告报告报告报告报告报告报告报告报告报告报告报告报告报告报告报告报告报告报告报告报告报告报告报告报告报告报告报告报告报告报告报告报告报告报告报告报告报告报告报告报告报告报告报告报告报告报告报告报告报告报告报告报告报告报告报告报告报告报告、报告报告报告报告报告报告报告报告报告报告报告报告报告报告报告报告报告报告报告报告、报告报告报告报告报告报告报告报告报告报告报告报告报告报告报告报告报告报告报告报告报告报告报告报告报告报告报告报告报告报告报告报告报告报告报告报告报告报告报告报告报告报告报告报告报告报告报告报告报告报告报告报告报告报告报告报告报告报告报告报告报告报告报告报告报告报告报告报告报告报告报告报告报告报告报告报告报告报告报告报告报告报告报告报告报告报告报告报告报告报告报告报告报告报告报告报告报告报告报告报告报告报告报告报告报告报告报告报告报告报告报告报告报告报告报告报告报告报告报告报告报告报告报告报告报告报告报告报告报告报告报告报告报告报告报告报告报告报告报告报告报告报告报告报告报告报告报告报告报告报告报告报告报告报告报告报告报告报告报告报告报告报告报告报告报告报告报告报告报告报告报告报告报告报告报告报告报告报告报告报告报告报告报告报告报告报告报告报告报告报告报告报告报告报告报告报告报告报告报告报告报告报告报告报告报告报告报告报告报告报告报告报告报告报告报告报告报告报告报告报告报告报告报告报告报告报告报告报告报告报告报告报告报告报告报告报告报告报告报告报告报告报告报告报告报告报告报告报告报告报告报告报告报告报告报告报告报告报告报告报告报告报告报告报告报告报告报告报告报告报告报告报告报告报告报告报告报告报告报告报告报告报告报告报告报告报告报告报告报告报告报告报告报告报告报告报告报告报告报告报告报告报告报告报告报告报告报告报告报告报告报告报告报告报告报告报告报告报告报告报告
488,robots,2,Roboter,robots,robots,机器人
489,run,2,Ausführen,ejecutar,lancer,运行中
490,Sabry,2,Sabry,Sabry,Sabre,萨布里
491,seniors,2,Senioren,Seniors,personnes âgées,老年人 老年人
492,Shaping,2,Formgebung,Forma,Façonnage,形状形状
493,Should,2,Sollte,Debería,Devraient,sh sh sh sh sh sh sh sh sh
494,show,2,anzeigen,Mostrar,montrer,显示显示显示
495,Six,2,Sechs,Seis,Six,六六
496,South,2,Süden,Sur,Sud,南南
497,states,2,Staaten,estados,États,状态
498,still,2,immer noch,todavía,Toujours,仍为
499,Stone,2,Stein,Piedra,Pierre,石石头
500,structure,2,Struktur,estructura,structure,结构结构结构结构
501,student,2,Schüler,estudiante,étudiant,学生 学生
502,sues,2,RECHTSSACHE,sues,poursuite en justice,诉讼
503,System,2,System,Sistema,Système,系统系统系统系统系统
504,Take,2,Nehmen Sie,Toma,Prenez,采取
505,tax,2,Steuer,impuestos,Impôt,税务税
506,Teaching,2,Unterricht,Enseñanza,Enseignement,教学教学
507,tensions,2,Spannungen,tensiones,tensions,紧张局势
508,time,2,Zeit,hora,heure,时间
509,Todd,2,Todd,Todd,Todd,托德
510,too,2,auch,También,aussi,也一样
511,trans,2,trans trans,trans,TÉLÉCOPIEUR,转
512,treatments,2,Behandlungen,Tratamientos,traitements,治疗治疗
513,truth’,2,Wahrheit,verdad»,La vérité,真相 '
514,uncovers,2,entlarvt,descubre,découvre,揭开
515,understanding,2,Verständnis,comprensión,compréhension,理解
516,value,2,Wert,valor,valeur,价值价值
517,voters,2,Wähler,votantes,électeurs,选民选民
518,waste,2,Abfälle,Residuos,déchets,废物废物
519,where,2,Dabei ist,donde,où,何 地
520,win,2,gewinnen,ganar,gagner,赢赢
521,you,2,Sie,tú,vous,您 您 的 您 您
522,‘Stand,2,„Stand,«Stand,«Stand,站立
523,&,1,&,&,&,和( P)
524,',1,"""",',C'est-à-dire qu'il n'y a pas de,' '
525,'astonishing',1,"""Astonisieren""",'Asombroso',"""étonnement""","""惊讶"""
526,'best',1,"""beste""",'mejor','meilleur',"""最好的"""
527,'big,1,Groß,"""Grande""",Grosse,# 大
528,'Boardwalk,1,"""Boardwalk",'Boardwalk,Sur le trottoir,"""波道"""
529,'bulletproof',1,'Bulletproof',"""A prueba de balas""","""Protection des bulles""","""防弹防弹"""
530,'Chaos,1,"""Chaos""",«Chaos,'Chaos,化 化
531,'compelling,1,"""Bezwingen",«obligante,"""compulsation""",强制
532,'dying',1,"""Sterben""",'Muriendo',"""Doux""","""死亡"""
533,'Handmaid's,1,"""Handjungfer""",'Handmaid's,"""Madame à la main""",女佣的
534,'hysterical',1,"""hysterisch""",'histéricamente',"""hystérique""","""歇斯底里"""
535,'Love,1,Liebe,Amor,"""L'amour",爱爱
536,'Must,1,"""Muss",'Deber,'Musée,强制
537,'new,1,"""neu",«nuevo,Nouveau,'新
538,'Rank,1,"""Rank",«Rank,'Rank,兰克
539,'Red,1,Rot,«Rojo,Rouge,红色
540,'Republicans,1,"""Republikaner",«Republicanos,Républiques,共和国
541,'Run,1,"""Laufen",'Run,'Run 'Run,运行
542,'Spider’s,1,"""Spider"" (Spider)",«Spider»,'Spidère',Spider( 蜘蛛)
543,'Sport,1,"""Sport",'Deporte,«Sports,《体育》
544,'TACO',1,"""TACO""",'TACO','TACO',"""TaCO"" (TaCO) (TaCO) (TaCO) (TaCO)) (TaCO) (TaCO) (TaCO) (TaCO) (TaCO)) (TaCO) (TaCO) (TaCO) (TaCO) (TaCO) (TaCO) (TaCO) (TaCO) (TaCO) (TaCO) (TaCO) (TaCO) (TaCO) (TaCO) (TaCO) (TaCO) (TaCO) (TaCO)"
545,'terrorist,1,"""Terrorist""",«terrorista,'terroriste,'恐怖主义
546,'The,1,"""Das",'El,Les,# 爱着 # # # The #
547,'Total,1,Insgesamt,Total,Total,总计
548,'unacceptable',1,"""unannehmbar""",'inaceptable',"""inacceptable""","""不能接受"""
549,'Votes,1,"""Stimmen",«Votos,'Votes,视频
550,'will,1,"""wird",'will,'sera,将
551,-word,1,- Wort,- Palabra,- Mot,-词词词词词词词词词词词
552,abuse,1,Missbrauch,abusos,mauvais traitements,虐待 虐待 虐待 虐待 虐待 虐待 虐待 虐待 虐待 虐待 虐待 虐待 虐待 虐待 虐待 虐待 虐待 虐待 虐待 虐待 虐待 虐待 虐待 虐待 虐待 虐待 虐待 虐待 虐待 虐待 虐待 虐待 虐待 虐待 虐待 虐待 虐待 虐待 虐待 虐待 虐待 虐待 虐待 虐待 虐待
553,accused,1,beschuldigt,acusado,accusés,被告人
554,accuser,1,Ankläger,acusador,accusateur,控告人
555,across,1,gegenüber,a través de,de l'autre côté,横横
556,activists,1,Aktivisten,activistas,activistes,活动分子活动家
557,admitting,1,Zulassung,admitiendo,l'admission,承认
558,adopt,1,Annahme,adoptar,adopté,"通过通过通过通过,通过通过通过通过通过通过通过通过《通过通过通过通过通过 的通过,通过通过"
559,advantage,1,Vorteil,ventaja,avantage,优势
560,Africa,1,Afrika,África,Afrique,非洲 非洲 非洲 非洲
561,agrees,1,stimmt zu,está de acuerdo,d'accord,同意同意
562,airport,1,Flughafen,aeropuerto,aéroport,机场机场机场
563,AK,1,AK . . . . . . . . . . . . . . . . . . . . . . . . . . . . . . . . . . . . . . . . . . . . . . . . . . . . . . . . . . . . . . . . . . . . . . . . . . . . . . . . . . . . . . . . . . . . . . . . . . . . . . . . . . . . . . . . . . . . . . . . . . . . . . . . . . . . . . . . . . . . . . . . . . . . . . . . . . . . . . . . . . . . . . . . . . . . . . . . . . . . . . . . . . . . . . . . . . . . . . . . . . . . . . . . . . . . . . . . . . . . . . . . . . . . . . . . . . . . . . . . . . . . . . . . . . . . . .,AK,AK,AK AK步枪
564,allegedly,1,angeblich,supuestamente,"Selon les informations dont il a été fait état,",据称
565,allow,1,erlauben,permitir,permettre,允许
566,ambulance,1,Krankenwagen,ambulancia,ambulance,救护车
567,America,1,Amerika,América,Amérique,美洲美洲
568,among,1,zwischen,entre,parmi les,介
569,analyst,1,Analytiker,analista,analyste,分析师
570,anti-Trump,1,Anti-Trump,anti-Trump,anti-Trump,反特朗普
571,antisemitic,1,Antisemitikum,antisemitas,antisémite,反犹太主义
572,antisemitism',1,"Antisemitismus""",antisemitismo',l'antisémitisme»,反犹太主义
573,ANWR,1,ANWR,ANWR,ANKR,安娜
574,anyway,1,Jedenfalls,De todos modos.,Quoi qu'il en soit,无论如何
575,appeals,1,Rechtsmittel,apelaciones,recours,上诉上诉
576,appearance,1,Aussehen,apariencia,apparence,外 貌 貌 貌 貌 貌 貌
577,Archaeologist,1,Archäologe,Arqueólogo,Archéologue,考古学家
578,armored,1,gepanzert,blindados,blindé,装甲
579,around,1,ringsherum,alrededor,autour,周围
580,arrest,1,Festnahme,detención,arrestation,逮捕和逮捕
581,artistic,1,Künstlerisch,artístico,artistique,艺术艺术
582,assault,1,Körperverletzung,agresión,voies de fait,攻击性攻击
583,athlete,1,Sportler,atleta,athlète,运动员
584,athletes,1,Sportler,atletas,athlètes,运动员运动员
585,attack',1,"Angriff""",¡Ataque!,Attaque»,a. 攻击
586,attorney,1,Rechtsanwalt,abogado,Avocat,律师律师
587,avoid,1,vermeiden,evitar,éviter,避免
588,awkward,1,unbequem,incómodo,embarrassant,尴尬
589,Bach-Hasselhoff's,1,Bach-Hasselhoffs,Bach-Hasselhoff's,Chez Bach-Hasselhoff,巴赫 - 哈塞尔霍夫的
590,back,1,zurück,atrás,arrière,后退
591,beach,1,Strand,playa,plage,海滩海滩
592,beautiful,1,schön,hermosa,belle,美丽
593,becoming,1,werden,llegar a ser,devenir,成为
594,before,1,Vorher,antes,avant,之前
595,begin,1,Anfang,comenzar,commencer,开始
596,bill,1,Rechnung,factura,projet de loi,账单账单
597,bill',1,"Rechnung""",Bill',le montant de l'aide est calculé sur la base du montant de l'aide.,法案
598,Billy,1,Billy,Billy,C'est toi qui as fait ça.,比利
599,bipartisan,1,Zweiparteien,bipartisano,bipartite,两党
600,birthday,1,Geburtstag,cumpleaños,anniversaire,生日生日
601,bled,1,geblutet,sangría,saigné,混混
602,board,1,Vorstand,tablero,Conseil d'administration,棋盘
603,bond,1,Anleihen,bono,lien,债券债券债券
604,border,1,Grenzüberschreitung,frontera,frontière,边境边境边境
605,Boys',1,"Jungen""",Chicos.,Garçons,男孩们
606,brands,1,Marken,Marcas,marques,品牌品牌
607,breaking,1,Bruch,rotura,rupture,间间间断
608,Brenkus,1,Brenkus,Brenkus,Brenkus,布伦库斯
609,broad,1,breit,ancho,large,宽
610,BROOKS,1,FRAUEN,BROOKS,BROOKS,布鲁克
611,building,1,Gebäude,edificio,bâtiment,建筑物
612,Bureau,1,Präsidium,Mesa,Bureau,主席团主席团主席团主席团 主席团主席团主席团
613,burns,1,Verbrennungen,quemaduras,brûlures,烧灼
614,but,1,aber,pero,mais,"但是,但"
615,California,1,Kalifornien,California,Californie,加利福尼亚州
616,calls,1,Anrufe,llamadas,appels,调来电话
617,calzone,1,Calzon,calzona,calzone,内积
618,cam,1,Nocken,lev,came,闭门
619,came,1,kam,vino,Il est venu.,来
620,camera,1,Kamera,cámara fotográfica,caméra,照相机
621,cans,1,Dosen,latas,boîtes de conserves,罐体
622,Capitol,1,Kapitol,Capitolio,Capitole,都城
623,Caplan,1,Caplan,Caplan,Caplan,卡普兰
624,ceiling,1,Höchstgrenze,techo,plafond,上限
625,celebrates,1,feiert,celebra,Célébrations,庆祝
626,ceremony,1,Zeremonie,ceremonia,cérémonie,仪式仪式
627,challenge,1,Herausforderung,desafío,défi à relever,挑战挑战
628,Challenges,1,Herausforderungen,Desafíos,Défis,挑战挑战挑战挑战
629,Chase,1,Verfolgung,Chase,Chase,大通大通
630,Chicago's,1,Chicago's,Chicago's,Chez Chicago,芝加哥
631,China,1,China,China,Chine,中国 中国 中国 中国 中国 中国 中国
632,city,1,Stadt,ciudad,ville,城市城市
633,claim,1,Antrag,reclamación,réclamation,索偿
634,claims,1,Forderungen,reclamaciones,réclamations,索偿
635,classifying,1,Klassifizierung,clasificación,classification,分类分类
636,Coast,1,Küste,Costa,Côte,海岸海岸
637,cocktail,1,Cocktail,cóctel,cocktail,鸡尾酒
638,collapse,1,Zusammenbruch,colapso,effondrement,崩溃崩溃
639,columnist,1,Kolumnist,columnista,chroniqueur,列词
640,combo,1,Kombination,combo,combo,组合组合
641,company,1,Unternehmen,empresa,entreprise,公司 公司
642,compares,1,Vergleich,comparar,Comparaisons,对比对比对比
643,complaint,1,Beschwerde,denuncia,plainte,投诉投诉
644,completely,1,vollständig,completamente,complètement,完全完全
645,concrete,1,Beton,hormigón,béton,具体具体
646,condemns,1,verurteilt,condena,condamne,谴责
647,congressional,1,Tagungswoche,Congresional,Conférence des Parties à la Convention sur l'élimination de toutes les formes de discrimination à l'égard des femmes,国会
648,Connecticut,1,Connecticut,Connecticut,Connecticut,康涅狄格州
649,conservative,1,konservativ,conservador,conservateur,保守
650,continues,1,weiter,continúa,continue,继续
651,contracts,1,Verträge,contratos,contrats,合同合同合同合同
652,control,1,Kontrolle,control,contrôle,控制控制
653,controversial,1,umstritten,controversial,controverse,有争议
654,controversy,1,Kontroverse,controversia,controverse,争议
655,cool,1,Kühl,fresco,frais,凉凉
656,COREY,1,KÖRIGREICH,COREY,CORERIE,方 地 地 地
657,Costco,1,Kostenco,Costco,Coûtco,成本成本公司
658,Court,1,Gericht,Corte,Cour,法院法院法院法院法院法院法院法院法院法院法院法院法院法院法院法院法院法院法院法院法院法院法院法院法院法院法院法院法院法院法院法院法院法院法院法院法院法院法院法院法院法院法院法院法院法院法院法院法院法院法院法院法院法院法院法院法院法院法院法院法院法院法院法院法院法院法院法院法院法院法院法院法院法院法院法院法院法院法院法院法院法院法院法院法院法院法院法院法院法院法院法院法院法院法院法院法院法院法院法院法院法院法院法院法院法院法院法院法院法院法院法院法院法院法院法院法院法院法院法院法院法院法院法院法院法院法院法院法院法院法院法院法院法院法院法院法院法院法院法院法院法院法院法院法院法院法院法院法院法院法院法院法院法院法院法院法院法院法院法院法院法院法院法院法院法院法院法院法院法院法院法院法院法院法院法院法院法院法院法院法院法院法院法院法院法院法院法院法院法院法院法院法院法院法院法院法院法院法院法院法院法院法院法院法院法院法院法院法院法院法院法院法院法院法院法院法院法院法院法院法院法院法院法院法院法院法院法院法院法院法院法院法院法院法院法院法院法院法院法院法院法院法院法院法院法院法院法院法院法院法院法院法院法院法院法院法院法院法院法院法院法院法院法院法院法院法院法院法院法院法院法院法院法院法院法院法院法院法院法院法院法院法院法院法院法院法院法院法院法院法院法院法院法院法院法院法院法院法院法院法院法院法院法院法院法院法院法院法院法院法院法院法院法院法院法院法院法院法院法院法院法院法院法院法院法院法院法院法院法院法院法院法院法院法院法院法院法院法院法院法院法院法院法院法院法院法院法院法院法院法院法院法院法院法院法院法院法院法院法院法院法院法院法院法院法院法院法院法院法院法院法院法院法院法院法院法院法院法院法院法院法院法院法院法院法院法院法院法院法院法院法院法院法院法院法院法院法院法院法院法院法院法院法院法院法院法院法院法院法院法院法院法院法院法院法院法院法院法院法院法院法院法院法院法院法院法院法院法院法院法院法院法院法院法院法院法院法院法院法院法院法院法院法院法院法院法院法院法院法院法院法院法院法院法院法院法院法院法院法院法院法院法院法院法院法院法院法院法院法院法院法院法院法院法院法院法院法院法院法院法院法院法院法院法院法院法院法院法院法院法院法院法院法院法院法院法院法院法院法院法院法院法院法院法院法院法院法院法院法院
659,COVID-,1,KOVID-,COVID-,COVID...,科维德...
660,crashes,1,Abstürze,choques,crashs,碰撞事故
661,creates,1,erstellt,crea,crée,创建创建
662,critics,1,Kritiker,críticos,critiques,批评者
663,Crockett,1,Krockett,Crockett,Crockett,克罗基特Name
664,crossroads,1,Kreuzung,cruce de caminos,croisée des chemins,十字路口
665,crowd,1,Menschenmenge,multitud,foule,人群
666,Cruz,1,Cruz,Cruz,M. Cruz (États-Unis d'Amérique),克鲁斯州
667,Cubs,1,Krümel,Cubs,Cubs,幼熊
668,cursing,1,Fluchen,maldiciendo,Maudits,咒骂
669,custody,1,Verwahrung,custodia,garde à vue,羁押
670,cuts,1,Teile,cortes,coupes,削减
671,Cyrus,1,Korpus,Cyrus,Cyrus,Cyrus 赛勒斯
672,Cyrus’,1,Cyrus-Arten,Ciro»,Cyrus,赛勒斯
673,dads,1,Väter,papás,Pères,父 父 父
674,De,1,. . . . . . . . . . . . . . . . . . . . . . . . . . . . . . . . . . . . . . . . . . . . . . . . . . . . . . . . . . . . . . . . . . . . . . . . . . . . . . . . . . . . . . . . . . . . . . . . . . . . . . . . . . . . . . . . . . . . . . . . . . . . . . . . . . . . . . . . . . . . . .,De,Le Conseil de l'Europe a décidé d'ouvrir la procédure d'adhésion à l'Union européenne pour la période allant du 1er janvier 2007 au 31 décembre 2015.,执 执
675,deal,1,Abmachung,trato,marché conclu,发牌
676,deals,1,Abkommen,ofertas,offres,交易交易
677,dean,1,Herr dean,decano,doyen,院长
678,debt,1,Verbindlichkeiten,deuda,dette,负债债务国 债务国 债务国 债务国 债务国 债务国 债务国 债务国 债务国 债务国 债务国 债务国 债务国 债务国 债务国 债务国 债务国 债务国 债务国 债务国 债务国 债务国 债务国 债务国 债务国 债务国 债务国 债务国 债务国 债务国 债务国 债务国 债务国 债务国 债务国 债务国 债务国 债务国 债务国 债务国 债务国 债务国 债务国 债务国 债务国
679,declares,1,erklärt,declara,déclare,声明
680,declines,1,Abnahmen,declinaciones,déclins,下降
681,declining,1,Rückgang,disminución,déclin,下降
682,defend,1,verteidigen,defender,défendre,国防
683,defense,1,Verteidigung,defensa,défense,国防
684,Democrat,1,Demokratisch,Demócrata,Démocrates,民主民主党
685,denial,1,Leugnung,denegación,déni,拒绝拒绝
686,denies,1,verleugnet,niega,nie,否认否认
687,departure,1,Abreise,salida,départ,离开
688,deportation,1,Abschiebung,deportación,déportation,驱逐驱逐驱逐驱逐驱逐驱逐驱逐驱逐驱逐驱逐驱逐驱逐驱逐驱逐驱逐驱逐驱逐驱逐驱逐驱逐驱逐驱逐驱逐驱逐驱逐驱逐驱逐驱逐驱逐驱逐驱逐驱逐驱逐驱逐驱逐驱逐驱逐驱逐驱逐驱逐驱逐驱逐驱逐驱逐驱逐驱逐驱逐驱逐驱逐驱逐驱逐驱逐驱逐驱逐驱逐驱逐驱逐驱逐驱逐驱逐驱逐驱逐驱逐驱逐驱逐驱逐驱逐驱逐驱逐驱逐驱逐驱逐驱逐驱逐驱逐驱逐驱逐驱逐驱逐驱逐驱逐驱逐驱逐驱逐驱逐驱逐驱逐驱逐驱逐驱逐驱逐驱逐驱逐驱逐驱逐驱逐驱逐驱逐驱逐驱逐
689,Depot's,1,Depots,Depósito,Dépôt,迪宝的
690,designs,1,Designs,diseños,dessins et modèles,设计设计
691,despite,1,trotz,a pesar de,malgré,"尽管如此,尽管"
692,destinies,1,mit einem Gehalt an Milchfett von mehr als 10 GHT,destinos,destinées,命运
693,detected,1,festgestellt,detectada,détecté,检测到
694,determined,1,bestimmt,determinado,déterminée,确定数
695,Devin,1,Entbeinung,Devin,Dévin,Devin 开发
696,Diddy,1,"Diddy. - (EN) Nein, nein, nein, nein, nein, nein, nein, nein, nein, nein, nein, nein, nein, nein, nein, nein, nein, nein, nein, nein, nein, nein, nein, nein, nein, nein, nein, nein, nein, nein, nein, nein, nein, nein, nein, nein, nein, nein, nein, nein, nein, nein, nein, nein, nein, nein, nein, nein, nein, nein, nein, nein, nein, nein, nein, nein, nein, nein, nein, nein, nein, nein, nein, nein, nein, nein, nein, nein, nein, nein, nein, nein, nein, nein, nein.",Diddy,Diddy,迪迪
697,die',1,"stirbt.""","""Muere""",mort',# 死亡 死亡 # # 死亡 # # 死亡 # # 死亡 死亡 #
698,discussion,1,Diskussion,debate,Débat,讨论讨论讨论
699,DNC,1,DNC,DNC,DNC,DNNNC DNA DNA DNA DNA DNA DNA DNNNN
700,docs,1,n s s s s s s s s s s s s s s s s s s s s s s s s s s s s s s s s s s s s s s s s s s s s s s s s s s s s s s s s s s s s s s s s s s s s s s s s s s s s s s s s s s s s s s s s s s s s s s s s s s s s s s s s s s s s s s s s s s s s s s s s s s s s s s s s s s s s s s s s s s s s s s s s s s s s s s s s s s s s s s s s s s s s s s s s s s s s s s s s s s s s s s s s s s s s s s s s s s s s s s s s s s s s s s s s s s s s s s s s s s s s s s s s s s s s s s s s s s s s s s s s s s s s s s s s s s s s s s,docs,docs,医生数
701,dodges,1,Ausweichen,esquiva,Dodges,躲躲
702,dog,1,Hund,Perro,chien,狗狗狗
703,DOGE,1,GESAMTBESCHEINIGUNG,DOGE,CHAMP D'APPLICATION,高 格 师 师 师 师 师 师 师
704,DOGE-aligned,1,GESAMTBESCHEINIGUNG,Alineado con el DOGE,Alignement DOGE,DGE 调整后
705,dominating,1,dominierend,dominante,dominant,主导占主导
706,don’t,1,nicht,no,N'est-ce pas ?,不要
707,double,1,Doppelt,doble,double,双双
708,drone,1,Drohne,drone,drone,无人驾驶无人驾驶飞机
709,dropped,1,fallen gelassen,caída,laissé tomber,下降数
710,Duda,1,Duda,Duda,Duda,杜达
711,earlier,1,früher,anterior,plus tôt,早期
712,easier,1,einfacher,más fácil,plus facile,较容易
713,efforts,1,Anstrengungen,esfuerzos,des efforts,A. 努力努力
714,Egyptian,1,Ägyptisch,Egipcio,Égyptienne,埃及语埃及语Name 埃及语
715,Eight,1,Acht,Ocho,Huit,8 8 八
716,elimination,1,Beseitigung,eliminación,élimination,冲销
717,Elly,1,Elly,Elly,Elly,埃利
718,Elon,1,Elon,Elon,Élon,伊隆
719,emergency,1,Notfall,emergencia,urgence,紧急紧急
720,Emmanuel,1,Emmanuel,Emmanuel,Emmanuel,埃马纽埃尔
721,Empire',1,"Weltreich""",Imperio',Empire,帝国帝国
722,ends,1,Enden,fines,fin,结尾
723,enrichment,1,Anreicherung,enriquecimiento,enrichissement,浓缩浓缩浓缩
724,equipment,1,Ausrüstung,equipo,Matériel,设备设备
725,era,1,Zeit,era,époque,时代时代
726,escalate,1,Eskalation,escalar,escalader,升级
727,escapes,1,Fluchten,fugas,évasions,逃逃
728,ethics,1,Ethik,ética,éthique,道德操守
729,event,1,Veranstaltung,evento,événement,事件事件
730,everything',1,"alles""",todo',Tout ce qu'il y a,"所有的一切,所有的一切,"
731,evidence',1,"Nachweise""",pruebas',des preuves»,证据证据的证据证据
732,Ex-Democratic,1,Ex-Demokratische,Exdemócrata,Ex-Démocratique,前民主
733,Ex-Mumford,1,Ex-Mumford,Ex-Mumford,Ex-Mumford,前穆姆福德州
734,examine,1,Prüfung,examinar,examen,检查
735,EXCLUSIVE,1,AUSSCHLIESSLICH,EXCLUSIVA,EXCLUSIF,绝对
736,exits,1,Ausstiege,salidas,sorties,退出
737,expert,1,Sachverständiger,experto,expert,专家专家
738,explosion,1,Explosion,explosión,explosion,爆炸爆炸
739,explosive,1,explosiv,explosivo,explosible,爆炸性炸药
740,Facebook,1,Facebook,Facebook,Facebook,脸书脸书
741,faith,1,Glaube,fe,la foi,信 信 信 信 信
742,fake,1,Fälschung,falso,faux,假造
743,false,1,falsch,falso,faux,假
744,family,1,Familie,familia,famille,家庭 家庭 家庭 家庭 家庭 家庭 家庭 家庭 家庭 家庭
745,fan-favorite,1,Fan-Favorit,Favorito de los fans,fan-favorite,最喜爱的扇形
746,fans,1,Ventilatoren,ventiladores,ventilateurs,粉粉粉粉扇
747,fared,1,geschliffen,fared,de l'industrie de l'Union européenne,远远
748,fascist,1,faschistisch,fascista,fasciste,法西斯
749,father,1,Vater,padre,père,父 父 父
750,Father's,1,Vater's,El de mi padre.,Père.,父亲的
751,fears,1,Ängste,miedos,peurs,恐惧
752,federal,1,föderal,federal,fédéral,联邦联邦
753,feds,1,Feds,federales,les aliments pour animaux;,联邦联邦
754,Fellowships,1,Stipendien,Becas,Bourses,研究金研究金研究金
755,female,1,weiblich,Femenino,Femmes,女性 女性 女性 女性
756,finance,1,Finanzierung,Financiación,financement,财务财务
757,finds,1,Funde,encuentra,trouve,找寻
758,fire,1,Feuer,fuego,Feu,火灾
759,fires,1,Brände,incendios,incendies,火灾火灾
760,firing,1,Feuer,disparos,tir,射击
761,first,1,zuerst,primero,première,第一次
762,Flasbarth,1,Flasbarth,Flasbarth,Flasbarthe,弗拉斯巴
763,following,1,folgend,a continuación,suivant,下述
764,form,1,Formblatt,forma,formulaire,窗体窗体
765,forward',1,"Vorwärts""",hacia adelante',vers l'avant»,未来
766,Foundation,1,Stiftung,Fundación,Fondation,基金会基金会基金会基金会基金会基金会
767,Franklin,1,Franklin,Franklin,États-Unis d'Amérique,富兰克林
768,fraud,1,Betrug,fraude,fraude,欺诈欺诈
769,free,1,frei,libre,gratuit,空闲
770,French,1,Französisch,Francés,Français,法语 法语 法语
771,fully,1,vollständig,completamente,entièrement,充分
772,game,1,Spiel,juego,jeu,游戏游戏游戏
773,game-tying,1,Spielbindung,game-tying,jeu-tying,游戏- 调色
774,gas,1,Gas,gas,gaz,气体气体气体
775,Gender,1,Geschlecht,Género,Sexe,性别 性别 性别 性别 性别
776,gold,1,"Gold, Gold, Gold, Gold, Gold, Gold, Gold, Gold, Gold, Gold, Gold, Gold, Gold, Gold, Gold, Gold, Gold, Gold, Gold, Gold, Gold, Gold, Gold, Gold, Gold, Gold, Gold, Gold, Gold, Gold, Gold, Gold, Gold, Gold, Gold, Gold, Gold, Gold, Gold, Gold, Gold, Gold, Gold, Gold, Gold, Gold, Gold, Gold, Gold, Gold, Gold, Gold, Gold, Gold, Gold, Gold, Gold, Gold, Gold, Gold, Gold, Gold, Gold, Gold, Gold, Gold, Gold, Gold, Gold, Gold, Gold, Gold, Gold, Gold, Gold, Gold, Gold",oro,or,金金金金金金金金金金金金金金金金金金金金金金金金金金金金金金金金金金金金金金金金金金金金金金金金金金金金金金金金金金金金金金金金金金金金金金金金金金金金金金金金金金金金金金金金金金金金金金金金金金金金金金金金金金金金金金金金金金金金金金金金金金金金金金金金金金金金金金金金金金金金金金金金金金金金金金金金金金金金金金
777,good,1,gut,Bien.,Bonne,良好
778,Google,1,Google,Google,Google,谷歌谷歌
779,Graham,1,Graham,Graham,M. Graham,格雷厄姆
780,gravity,1,Schwerkraft,gravedad,gravité,重力
781,Greenpeace,1,Greenpeace,Greenpeace,Greenpeace,绿色绿色和平组织
782,grills,1,Gitter,parrillas,grillés,烤架
783,group,1,Gruppe,grupo,Groupe,组群
784,groups,1,Gruppen,grupos,Groupes,组群
785,Guard,1,Wache,Guardia,Garde,警卫警卫
786,guitarist,1,Gitarrist,guitarrista,guitariste,吉他手
787,hall,1,Halle,hall,Salle,大厅
788,handcuffed,1,Handschellen,esposados,menotté,带手铐
789,hands,1,Hände,manos,mains,手手
790,hard-line,1,hard-line,línea dura,ligne dure,硬线
791,Harjes,1,Harjes,Harjes,Harjes,哈列斯
792,Harvey,1,"Harvey. - Nein, nein, nein, nein, nein, nein, nein, nein, nein, nein, nein, nein, nein, nein, nein, nein, nein, nein, nein, nein, nein, nein, nein, nein, nein, nein, nein, nein, nein, nein, nein, nein, nein, nein, nein, nein, nein, nein, nein, nein, nein, nein, nein, nein, nein, nein, nein, nein, nein, nein, nein, nein, nein, nein, nein, nein, nein, nein, nein, nein, nein, nein, nein, nein, nein, nein, nein, nein, nein, nein, nein, nein, nein, nein, nein, nein, nein.",Harvey,C'est moi qui l'ai fait.,哈维
793,he,1,er,él,qu'il,世 世 世 世 世 世 世
794,headquarters,1,Sitz,cuartel general,Siège,总部总部总部
795,heavy,1,schwer,pesado,lourd,重重
796,her,1,sie,ella,elle,
797,here,1,Hierher,aquí,Ici.,在这里
798,Hertz,1,Hertz,Hertz,Hertz,Hertz 赫兹
799,HHS,1,HHS,HHS,HHS,时 年
800,hidden,1,versteckt,ocultado,caché,隐藏隐藏
801,hike,1,Wanderung,caminata,randonnée,远 远 远 远
802,Hill,1,Hügel,Hill,Colline,山丘
803,his,1,sein,su,son,排在《公约》
804,history’s,1,Geschichte,de la historia,Histoire,历史历史
805,hit,1,getroffen,pulsar,Atteinte,中弹
806,hits,1,Treffer,hits,succès,点击次数
807,homeless,1,Obdachlos,indigentes,sans abri,无家可归的无家可归者
808,homer,1,homer,homer,Homer,homer 主机
809,hope,1,Hoffnung,esperanza,espoir,希望希望
810,hostages,1,Geiseln,rehenes,otages,人质或人质人质
811,hot,1,heiß,caliente,chaud,热热
812,humanitarian,1,humanitäre Hilfe,humanitaria,humanitaire,人道主义 人道主义 人道主义 人道主义 人道主义 人道主义 人道主义 人道主义 人道主义 人道主义 人道主义 人道主义 人道主义 人道主义 人道主义 人道主义 人道主义 人道主义 人道主义 人道主义 人道主义 人道主义 人道主义 人道主义 人道主义 人道主义 人道主义 人道主义 人道主义 人道主义 人道主义 人道主义 人道主义 人道主义 人道主义 人道主义 人道主义 人道主义 人道主义 人道主义 人道主义 人道主义 人道主义 人道主义 人道主义 人道主义 人道主义 人道主义 人道主义 人道主义 人道主义 人道主义 人道主义 人道主义 人道主义 人道主义 人道主义 人道主义 人道主义 人道主义 人道主义 人道主义 人道主义 人道主义 人道主义 人道主义 人道主义 人道主义
813,Hundreds,1,Hunderte,Cientos,Des centaines,百 百 百
814,hunt,1,Jagd,caza,chasse,狩猎
815,hydrogen,1,Wasserstoff,hidrógeno,hydrogène,氢氢
816,I'm,1,Ich bin,Soy yo.,Je suis,我... 我... 我... 我...
817,illegal,1,illegal,ilegal,illégale,非法非法
818,illegally,1,illegal,ilegalmente,illégalement,非法非法
819,Illinois,1,"Illinois (Illinois). - (EN) Herr Präsident, meine Damen und Herren!",Illinois,Illinois,伊利诺斯州
820,imaginary,1,imaginär,imaginario,imaginaire,想象中
821,immigrant,1,Zuwanderer,inmigrante,immigrant,移民移民移民
822,immigration,1,Einwanderung,inmigración,l'immigration,移民移民移民移民移民移民移民移民移民移民移民移民移民移民移民移民移民移民移民移民移民移民移民移民移民移民移民移民移民移民移民移民移民移民移民移民移民移民移民移民移民移民移民移民移民移民移民移民移民移民移民移民移民移民移民移民移民移民移民移民移民移民移民移民移民移民移民移民移民移民移民移民移民移民移民移民移民移民移民移民移民移民移民移民移民移民移民移民移民移民移民移民移民移民移民移民移民移民移民移民移民移民移民移民移民移民移民移民移民移民移民移民移民移民移民移民移民移民移民移民移民移民移民移民移民移民移民移民移民移民移民移民移民移民移民移民移民移民移民移民移民移民移民移民移民移民移民移民移民移民移民移民移民移民移民移民移民移民移民移民移民移民移民移民移民移民移民移民移民移民移民移民移民移民移民移民移民移民移民移民移民移民移民移民移民移民移民移民移民移民移民移民移民移民移民移民移民移民移民移民移民移民移民移民移民移民移民移民移民移民移民移民移民移民移民移民移民移民移民移民移民移民移民移民移民移民移民移民移民移民移民移民移民移民移民移民移民移民移民移民移民移民移民移民移民移民移民移民移民移民移民移民移民移民移民移民移民移民移民移民移民移民移民移民移民移民移民移民移民移民移民移民移民移民移民移民移民移民移民移民移民移民移民移民移民移民移民移民移民移民移民移民移民移民移民移民移民移民移民移民移民移民移民移民移民移民移民移民移民移民移民移民移民移民移民移民移民移民移民移民移民移民移民移民移民移民移民移民移民移民移民移民移民移民移民移民移民移民移民移民移民移民移民移民移民移民移民移民移民移民移民移民移民移民移民移民移民移民移民移民移民移民移民移民移民移民移民移民移民移民移民移民移民移民移民移民移民移民移民移民移民移民移民移民移民移民移民移民移民移民移民移民移民移民移民移民移民移民移民移民移民移民移民移民移民移民移民移民移民移民移民移民移民移民移民移民移民移民移民移民移民移民移民移民移民移民移民移民移民移民移民移民移民移民移民移民移民移民移民移民移民移民移民移民移民移民移民移民移民移民移民移民移民移民移民移民移民移民移民移民移民移民移民移民移民移民移民移民移民移民移民移民移民移民移民移民移民移民移民移民移民移民移民移民移民移民移民移民移民移民移民移民移民移民移民移民移民移民移民移民移民移民移民移民移民移民移民移民移民
823,important,1,wichtig,importante,important,重要重要
824,Indonesia,1,Indonesien,Indonesia,Indonésie,印度尼西亚 印度尼西亚 印度尼西亚
825,industry,1,Industrie,industria,et de l ' industrie,工业工业
826,information,1,Informationen,información,Informations,信息信息信息信息信息信息信息
827,inner,1,inner,interior,intérieur,内
828,innovation,1,Innovation,innovación,l'innovation,创新创新
829,insights,1,Einsichten,ideas,Aperçus,洞洞洞洞见
830,interim,1,Vorübergehend,provisional,provisoire,临时临时
831,into,1,in die,en,dans,与
832,investigation,1,Untersuchung,investigación,enquête,调查调查
833,Iran,1,Iran,Irán,Iran,伊朗 伊朗 伊朗
834,irked,1,geschält,Irked,Irked,穿针
835,Island,1,Insel,Isla,Île,岛屿
836,issues,1,Fragen,cuestiones,de l ' Assemblée générale et questions connexes,问题(问题)
837,Istanbul,1,Istanbul,Estambul,Istanbul,伊斯坦布尔
838,Jasmine,1,Jasmin,Jasmine,Jasmine,茉莉花
839,Jesus,1,Mein Gott!,Jesús,Jésus,耶稣耶稣耶稣耶稣耶稣耶稣耶稣耶稣耶稣耶稣耶稣耶稣耶稣耶稣耶稣耶稣耶稣耶稣耶稣耶稣耶稣耶稣耶稣耶稣耶稣耶稣耶稣耶稣耶稣耶稣耶稣耶稣耶稣耶稣耶稣耶稣耶稣耶稣耶稣耶稣耶稣耶稣耶稣耶稣耶稣耶稣耶稣耶稣耶稣耶稣耶稣耶稣耶稣耶稣耶稣耶稣耶稣耶稣耶稣耶稣耶稣耶稣耶稣耶稣耶稣耶稣耶稣耶稣耶稣耶稣耶稣耶稣耶稣耶稣耶稣耶稣耶稣耶稣耶稣耶稣耶稣耶稣耶稣耶稣耶稣耶稣耶稣耶稣耶稣耶稣耶稣耶稣耶稣耶稣耶稣耶稣耶稣耶稣耶稣耶稣耶稣耶稣耶稣耶稣耶稣耶稣耶稣耶稣耶稣耶稣耶稣耶稣耶稣耶稣耶稣耶稣耶稣耶稣耶稣耶稣耶稣耶稣耶稣耶稣耶稣耶稣耶稣耶稣耶稣耶稣耶稣耶稣耶稣耶稣耶稣耶稣耶稣耶稣耶稣耶稣耶稣耶稣耶稣耶稣耶稣耶稣耶稣耶稣耶稣耶稣耶稣耶稣耶稣耶稣耶稣耶稣耶稣耶稣耶稣耶稣耶稣耶稣耶稣耶稣耶稣耶稣耶稣耶稣耶稣耶稣耶稣耶稣耶稣耶稣耶稣耶稣耶稣耶稣耶稣耶稣耶稣耶稣耶稣耶稣耶稣耶稣耶稣耶稣耶稣耶稣耶稣耶稣耶稣耶稣耶稣耶稣耶稣耶稣耶稣耶稣耶稣耶稣耶稣耶稣耶稣耶稣耶稣耶稣耶稣耶稣耶稣耶稣耶稣耶稣耶稣耶稣耶稣耶稣耶稣耶稣耶稣耶稣耶稣耶稣耶稣耶稣耶稣耶稣耶稣耶稣耶稣耶稣耶稣耶稣耶稣耶稣耶稣耶稣耶稣耶稣耶稣耶稣耶稣耶稣耶稣耶稣耶稣耶稣耶稣耶稣耶稣耶稣耶稣耶稣耶稣耶稣耶稣耶稣耶稣耶稣耶稣耶稣耶稣耶稣耶稣耶稣耶稣耶稣耶稣耶稣耶稣耶稣耶稣耶稣耶稣耶稣耶稣耶稣耶稣耶稣耶稣耶稣耶稣耶稣耶稣耶稣耶稣耶稣耶稣耶稣耶稣耶稣耶稣耶稣耶稣耶稣耶稣耶稣耶稣耶稣耶稣耶稣耶稣耶稣耶稣耶稣耶稣耶稣耶稣耶稣耶稣耶稣耶稣耶稣耶稣耶稣耶稣耶稣耶稣耶稣耶稣耶稣耶稣耶稣耶稣耶稣耶稣耶稣耶稣耶稣耶稣耶稣耶稣耶稣耶稣耶稣耶稣耶稣耶稣耶稣耶稣耶稣耶稣耶稣耶稣耶稣耶稣耶稣耶稣耶稣耶稣耶稣耶稣耶稣耶稣耶稣耶稣耶稣耶稣耶稣耶稣耶稣耶稣耶稣耶稣耶稣耶稣耶稣耶稣耶稣耶稣耶稣耶稣耶稣耶稣耶稣耶稣耶稣耶稣耶稣耶稣耶稣耶稣耶稣耶稣耶稣耶稣耶稣耶稣耶稣耶稣耶稣耶稣耶稣耶稣耶稣耶稣耶稣耶稣耶稣耶稣耶稣耶稣耶稣耶稣耶稣耶稣耶稣耶稣耶稣耶稣耶稣耶稣耶稣耶稣耶稣耶稣耶稣耶稣耶稣耶稣耶稣耶稣耶稣耶稣耶稣耶稣耶稣耶稣耶稣耶稣耶稣耶稣耶稣耶稣耶稣耶稣耶稣耶稣耶稣耶稣耶稣耶稣耶稣耶稣耶稣耶稣耶稣耶稣耶稣耶稣耶稣耶稣耶稣耶稣耶稣耶稣耶稣耶稣耶稣耶稣耶稣耶稣耶稣耶稣耶稣耶稣耶稣耶稣耶稣耶稣耶稣耶稣耶稣耶稣耶稣耶稣耶稣耶稣耶稣耶稣耶稣耶稣耶稣耶稣耶稣耶稣耶稣耶稣耶稣耶稣耶稣耶稣耶稣耶稣耶稣耶稣耶稣耶稣耶稣耶稣耶稣耶稣耶稣耶稣耶稣耶稣耶稣耶稣
840,Jewish,1,Jüdisch,Judía,Juif,犹太犹太人
841,Jochen,1,Jochen,Jochen,Jochen,约 约 琴
842,John,1,"- Nein, nein, nein, nein, nein, nein, nein, nein, nein, nein, nein, nein, nein, nein, nein, nein, nein, nein, nein, nein, nein, nein, nein, nein, nein, nein, nein, nein, nein, nein, nein, nein, nein, nein, nein, nein, nein, nein, nein, nein, nein, nein, nein, nein, nein, nein, nein, nein, nein, nein, nein, nein, nein, nein, nein, nein, nein, nein, nein, nein, nein, nein, nein, nein.",John,C'est vrai.,约翰·约翰
843,Julie,1,Julie,Julie,"C'est ça, Julie.",朱莉
844,Just,1,Nur,Sólo...,Juste,只是
845,Karol,1,Karol,Karol,Karol,卡洛
846,key,1,Schlüssel,tecla,clé,键键
847,Khabib,1,Khabib,Khabib,Khabib,Khabib 村庄
848,kills,1,tötet,mata,tue,杀 杀 杀 杀 杀
849,La,1,"L 347 vom 20.12.2013, S. 671.",La,La,拉
850,lady's,1,Frauen,de la señora,chez les dames,女 女 女 女 女
851,last,1,Letzter,último,dernier,最后一
852,lavish,1,verschwenderisch,fastuoso,somptueux,粗软
853,lawmaker,1,Gesetzgeber,legislador,législateur,立法者
854,lawmakers,1,Gesetzgeber,legisladores,législateurs,立法者
855,leader,1,Führer,líder,chef de file,领导领导者
856,leads,1,Leitungen,plomos,conduits,铅铅
857,leans,1,mager,magras,maigres,倾斜
858,leave,1,Urlaub,licencia,congé,休假假期
859,legend,1,Legende,leyenda,légende,图例
860,letter,1,Buchstabe,carta,Lettre,来函
861,Liberal,1,Liberal,Liberal,Libéraux,自由自由自由
862,light,1,leicht,luz,Lumière,轻型轻型
863,like,1,Wie z.B.,como,comme,类似
864,Lindsay,1,Lindsay,Lindsay,Lindsay,林赛
865,Lindsie,1,Lindsie,Lindsie,Lindsie,林西
866,Lives',1,"Lebend""",Vidas',C'est une vie.,生命
867,lock,1,Verriegelung,bloqueo,Verrouillage,锁定锁定锁定
868,Longtime,1,Lange Zeit,Largo tiempo,Longtemps,长年时间
869,look,1,Sehen Sie.,Mira.,Regarde.,外观
870,loss,1,Verlust,Pérdida,perte,损失损失
871,love,1,Liebe,amor,amour,爱爱
872,luggage,1,Gepäck,equipaje,bagages,行李行李
873,machines,1,Maschinen,Máquinas y aparatos,machines,机 机 机 机
874,Macron,1,Makron,Macron,Macron,宏
875,made,1,hergestellt,fabricada,fabriqués,作出
876,madness,1,Wahnsinn,locura,folie,疯疯疯、疯疯、疯疯、狂狂、
877,makes,1,macht,Marcas,fait,环环环
878,making,1,Herstellung,fabricación,fabrication,制造
879,malicious,1,bösartig,malicioso,Malicieux,恶意
880,man,1,Mann,hombre,homme,男性 男性
881,marvels,1,Wunder,maravillas,merveilles,奇迹
882,Maryland,1,Maryland,Maryland,Maryland,马里兰州
883,Maxine,1,Höchstgehalt,Maxine,Maxine,美美美
884,McCormick,1,McCormick,McCormick,McCormick,麦考密克
885,McEuen,1,McEuen,McEuen,McEuen,麦克艾恩
886,medalist,1,Medaillengewinner,medallista,Médaillé,得奖奖人
887,medical,1,ärztlich ärztlich ärztlich ärztlich ärztlich ärztlich ärztlich ärztlich ärztlich ärztlich ärztlich ärztlich ärztlich ärztlich ärztlich ärztlich ärztlich ärztlich ärztlich ärztlich ärztlich ärztlich ärztlich ärztlich ärztlich ärztlich ärztlich,médicos,médical,医疗 医务
888,meeting,1,Sitzung,reunión,Réunion,会 议 会 议 会 议 会 议 会 议 会 议 会 议 会 议 会 议
889,men's,1,Männer,hombres,pour hommes,男男性
890,metals,1,Metalle,metales,métaux,金属金属
891,method,1,Verfahren,método,méthode,方法
892,middle,1,Mitte,medio,milieu,中间中间
893,Miley,1,Miley,Miley,Miley,米耶
894,millions,1,Millionen,millones,en millions,百万 百万
895,misconduct,1,Fehlverhalten,faltas de conducta,faute professionnelle,行为失检行为
896,Missouri,1,Missouri,Missouri,Missouri,密密苏里
897,mixed,1,gemischt,mezcladas,mélangés,混合混合
898,Molotov,1,Molotow,Molotov,Molotov,莫洛托夫
899,moment,1,Moment,momento,moment,瞬间
900,Moscow,1,Moskau,Moscú,Moscou,莫斯科莫斯科
901,move,1,Verschieben,mover,Déplacer,移动移动
902,much-needed,1,dringend benötigte,muy necesario,dont il a grand besoin,迫切需要的
903,mugshot,1,Schnuller,photshot,Mugshot,截图
904,murder,1,Mord,asesinato,meurtre,谋杀 谋杀
905,murderers,1,Mörder,asesinos,meurtriers,谋杀杀人犯
906,music,1,Musik,música,Musique,音乐音乐
907,must,1,muss,debe,doit,必须
908,must-know,1,muss-wissen,must-know,doit savoir,必须知道
909,Nadler,1,Nadler,Nadler,Nadler,纳德勒
910,Nam,1,Nam,Nam,NUMÉRO,南南
911,NATO,1,NATO,OTAN,OTAN,北约北约
912,Nawrocki,1,Nawrocki,Nawrocki,Nawrocki,纳罗基语Name
913,NBC,1,NBC,NBC,NBC,NNBC 核生核
914,near,1,in der Nähe,cerca,près de,附近
915,Newark,1,Newark,Newark,Newark,纽瓦克Name
916,noncitizen,1,Nicht-Bürger,no ciudadanos,non-ressortissants,非公民公民
917,nonstop,1,nonstop,sin parar,non-stop,连续连续
918,not,1,nicht,no,pas,否
919,notorious,1,notorisch,notorio,notoire,臭名昭著
920,nuclear,1,Kernkraft,nuclear,nucléaire,核
921,Nurmagomedov,1,Nurmagomedov,Nurmagomedov,Nurmagomedov,努尔马默多多
922,NY,1,NIEDERLANDE,NY,NY,"纽约,纽约"
923,office,1,Büro,oficina,bureau,办公室办公室
924,Olympic,1,Olympische Spiele,Olímpica,Olympic,奥林匹克奥林匹克奥林匹克奥林匹克
925,online,1,online,en línea,en ligne,在线在线
926,opens,1,geöffnet,abre,ouvre,打开
927,opposition,1,Einspruch,oposición,opposition,反对派
928,Oregon,1,Oregon,Oregon,Oregon,俄勒冈州
929,org,1,org@info:whatsthis:whatsthis:whatsthis:whats:whats:whats:whats:whats:whats:whats:Whats:Whats:Whats:Whats:Whats:Whats:Whats:Whats:Whats:Whats:Whats:Whats:Whats:Whats:Whats:Whats:Whats:Whats:Whats:Whats:Whats:Whats:Whats:Whats:Whats:Whats:Whats:Whats:Whats:Whats:Whats,org,org,以 org 单位
930,ousted,1,verausgabt,expulsados,évincés,被调离
931,outdoor,1,im Freien,al aire libre,extérieur,户外
932,outside,1,außerhalb,exterior,extérieur,外部
933,Palestinians,1,Palästinenser,Palestinos,Palestiniens,巴勒斯坦人巴勒斯坦人
934,Pamela,1,Pamela,Pamela,Pamela,帕梅拉
935,pandemic,1,Pandemie,pandemia,pandémie,大流行病 大流行病
936,pardon,1,Entschuldigung,perdón,pardon,赦免 赦免
937,parked,1,geparkt,aparcado,stationné,停停
938,Partnerships,1,Partnerschaften,Asociaciones,Partenariats,伙伴关系伙伴关系伙伴关系伙伴关系
939,PASTOR,1,PASTOR,PASTOR,PASTOR,书 员 书 员 书 员
940,pay,1,Bezahlung,paga,salaire,薪资
941,peace,1,Frieden,paz,paix,和平、和平、和平、和平
942,performs,1,führt aus,realiza,exécute,表演 表演
943,person,1,Person,persona,personne,人 人 人 人
944,personal,1,persönlich,personal,personnel,个人 个人 个人
945,pizza,1,Pizza,Pizza,pizza,披萨比萨
946,place,1,Ort,lugar,lieu,地点地点
947,plane,1,Ebene,avión,plan,平平平面
948,planned,1,geplant,planeada,prévu,计划计划数
949,players',1,"Spieler""",jugadores',les joueurs',播放播放播放播放播放播放器
950,Plus,1,Plus,Más,Plus,加加
951,policies,1,Politikbereiche,políticas,politiques,政策、政策、政策、政策和政策
952,policy,1,Politik,política,politique générale,政策政策
953,Polish,1,Polnisch,Polaco,Polonais,波兰语Name
954,polling,1,Umfragen,votación,scrutin,投票情况
955,poor,1,schlecht,pobres,pauvres,贫穷
956,popular,1,beliebt,popular,populaire,普 普 普 普
957,posed,1,gestellt,posed,posé,装装
958,postdoc,1,Postdoc,postdoc,postdoc,弃号后
959,posts,1,Planstellen,puestos,Postes,员额员额员额
960,Powerful,1,Kraftvoll,Poderoso,Puissant,强大的
961,President,1,Präsident,Presidente,Président,主 庭长 主席 主席 主席 主席 主席 主席 主席 主席 主席 主席 主席 主席 主席 主席 主席 主席 主席 主席 主席 主席 主席 主席 主席 主席 主席 主席 主席 主席 主席 主席 主席 主席 主席 主席 主席 主席 主席 主席 主席 主席 主席 主席 主席 主席 主席 主席 主席 主席 主席 主席 主席 主席 主席 主席 主席 主席 主席 主席 主席 主席 主席 主席 主席 主席 主席 主席 主席 主席 主席 主席 主席 主席 主席 主席 主席 主席 主席 主席 主席 主席 主席 主席 主席 主席 主席 主席 主席 主席 主席 主席 主席 主席 主席 主席 主席 主席 主席 主席 主席 主席 主席 主席 主席 主席 主席 主席 主席 主席 主席 主席 主席 主席 主席 主席 主席 主席 主席 主席 主席 主席 主席 主席 主席 主席 主席 主席 主席 主席 主席 主席 主席 主席 主席 主席 主席 主席 主席 主席 主席 主席 主席 主席 主席 主席 主席 主席 主席 主席 主席 主席 主席 主席 主席 主席 主席 主席 主席 主席 主席 主席 主席 主席 主席 主席 主席 主席 主席 主席 主席 主席 主席 主席 主席 主席 主席 主席 主席 主席 主席 主席 主席 主席 主席 主席 主席 主席 主席 主席 主席 主席 主席 主席 主席 主席 主席 主席 主席 主席 主席 主席 主席 主席 主席 主席 主席 主席 主席 主席 主席 主席 主席 主席 主席 主席 主席 主席 主席 主席 主席 主席 主席 主席 主席 主席 主席 主席 主席 主席 主席 主席 主席 主席 主席 主席 主席 主席 主席 主席 主席 主席 主席 主席 主席 主席 主席 主席 主席 主席 主席 主席 主席 主席 主席 主席 主席 主席 主席 主席 主席 主席 主席 主席 主席 主席 主席 主席 主席 主席 主席 主席 主席 主席 主席 主席 主席 主席 主席 主席 主席 主席 主席 主席 主席 主席 主席 主席 主席 主席 主席 主席 主席 主席 主席 主席 主席 主席 主席 主席 主席 主席 主席 主席 主席 主席 主席 主席 主席 主席 主席 主席 主席大会主席大会主席大会主席大会主席大会主席大会主席大会主席大会主席大会主席大会主席大会主席大会主席大会主席大会主席大会主席大会主席大会主席大会主席大会主席大会主席大会主席大会主席大会主席大会主席大会主席大会主席大会主席大会主席大会主席大会主席大会主席大会主席大会主席大会主席大会主席大会主席大会主席大会主席大会主席大会主席大会主席大会主席大会主席大会主席大会主席大会主席大会主席大会主席大会主席大会主席大会主席大会主席大会主席大会主席大会主席大会主席大会主席大会主席大会主席大会主席大会主席大会主席大会主席大会主席大会主席大会主席大会主席大会主席大会主席大会主席大会主席大会主席大会主席大会主席大会主席大会主席大会主席大会主席大会主席大会主席大会主席大会主席大会主席大会主席大会主席大会主席大会主席大会主席大会主席大会主席大会主席大会主席大会主席大会主席大会主席大会主席大会主席大会主席大会主席大会主席大会主席大会主席大会主席大会主席大会主席大会主席大会主席大会主席大会主席大会主席大会主席大会主席大会主席大会主席大会主席大会主席大会主席大会主席大会主席大会主席大会主席大会主席大会主席大会主席大会主席大会主席大会主席大会主席大会主席大会主席大会主席大会主席大会主席大会主席大会主席大会主席大会主席大会主席大会主席大会主席大会主席大会主席大会主席大会主席大会主席大会主席大会主席大会主席大会主席大会主席大会主席大会主席大会主席大会主席大会主席大会主席大会主席大会主席大会主席大会主席大会主席大会主席大会主席大会主席大会主席大会主席大会主席大会主席大会主席大会主席大会主席大会主席大会主席大会主席大会主席大会主席大会主席大会主席大会主席大会主席大会主席大会主席大会主席大会主席大会主席大会主席大会主席大会主席大会主席大会主席大会主席大会主席大会主席大会主席大会主席大会主席
962,presidential,1,Präsident,presidencial,Président,总统
963,previous,1,vorhergehend,anterior,précédent,上一个
964,printing,1,Druckverfahren,impresión,impression,印 印 印 印 印 印 印 印
965,prison,1,Gefängnis,prisión,prison,监狱监狱
966,pro-Israel,1,pro-Israel,pro Israel,en faveur d ' Israël,亲以色列
967,prosecution,1,Strafverfolgung,Procesamiento,poursuite,起诉 起诉
968,protest,1,Protest,protesta,protestation,抗议抗议
969,purchase,1,Kauf,compra,achat,购买购买
970,Purse,1,Portemonnaie,PUERTO,Poursuite,发货
971,push,1,schieben,Empujar,Pousser,推进
972,pushes,1,Drücker,empuja,Pousser,推键
973,pushing,1,schieben,empujando,poussant,推推
974,Putin,1,Putin,Putin,Poutine,普京
975,puts,1,setzt,puts,met,调和
976,quickly,1,schnell,¡Rápido!,rapidement,快速快速
977,R-Truth,1,R-Wahrheit,R-Truth,R-vérité,R- 真相
978,racket',1,"""Geschmack""",¡Raqueta!,Raquettes,吵闹闹闹闹闹闹闹闹
979,Ray,1,- Ich weiß nicht. - Ich weiß es nicht.,Ray,Rayon,雷
980,react,1,reagieren,reaccionar,réagir,反应
981,reaction,1,Reaktion,reacción,réaction,反应反应反应
982,reaffirms,1,bekräftigt,reafirma,réaffirme,重申
983,reality,1,Wirklichkeit,realidad,réalité,现实现实
984,receive,1,empfangen,recibir,recevoir,接收接收
985,recipe,1,Rezept,receta,recette,食谱配方
986,Red,1,Rot,Rojo,Rouge,红红
987,Reds,1,Rote,Rojos,Rouges,红
988,reflects,1,reflektiert,refleja,reflétant l'évolution de la situation,反映
989,refuses,1,lehnt ab,se niega,refuse,拒绝拒绝
990,Regarding,1,In Bezug auf,Con respecto a,concernant la,关于
991,registration,1,Registrierung,registro,enregistrement,登记登记
992,released,1,freigegeben,liberado,libéré,释放
993,removed,1,entfernt,eliminado,enlevé,已删除
994,removing,1,Entfernen,eliminar,enlèvement,删除删除
995,Rep,1,Antwort,Rep,Rép.,Re Re Re Re
996,rescues,1,Rettungsmaßnahmen,rescates,sauvetages,营救
997,resistance,1,Widerstandsfähigkeit,resistencia,résistance,抗药性
998,responds,1,antwortet,responde,répond,回复回复
999,restaurant,1,Restaurant,restaurante,restaurant,餐厅
1000,restricting,1,Begrenzung,restringir,restreignant,限制限制
1001,restructuring,1,Umstrukturierung,reestructuración,restructuration,改组改组
1002,reversal,1,Umkehrung,inversión,inversion,逆转
1003,reversed',1,"umgekehrt""",invertida',inversée»,倒转'
1004,reviews,1,Überprüfungen,Exámenes,Révisions,审评
1005,revives,1,wiederbelebt,reaviva,Rénove,恢复
1006,Rhode,1,Rhode,Rhode,Rhode,罗德
1007,rice,1,Reis,arroz,riz,大米饭
1008,rips,1,Reißzähne,rasgados,des déchirures,裂数
1009,rise,1,Anstieg,aumento,augmentation,升升
1010,RNC,1,RNC,RNC,RNC,RNNNN  RNNN
1011,Rockies,1,Felsgewächse,Rocosas,Rocheuses,岩礁
1012,Rounds,1,Rundungen,Rondas,Rondes,轮数轮
1013,rule,1,Regel,regla,règle,规则细则细则细则细则细则细则细则
1014,rules',1,"Vorschriften""",las normas.»,les règles»,规则规则的仲裁规则的仲裁规则的仲裁规则的仲裁规则的仲裁规则的仲裁规则的仲裁规则的仲裁规则的仲裁规则的仲裁规则的仲裁规则的仲裁规则的仲裁规则的仲裁规则的仲裁规则的仲裁规则的仲裁规则的仲裁规则的仲裁规则的仲裁规则的仲裁规则的仲裁规则的仲裁规则的仲裁规则的仲裁规则的仲裁规则的仲裁规则的仲裁规则的仲裁规则的仲裁规则的仲裁规则的仲裁规则的仲裁规则的仲裁规则的仲裁规则的仲裁规则的仲裁规则的仲裁规则的仲裁规则的仲裁规则的仲裁规则的仲裁规则的仲裁规则的仲裁规则的仲裁规则的仲裁规则的仲裁规则的仲裁规则的
1015,Russia,1,Frankreich,Rusia,Russie,俄罗斯 俄罗斯
1016,Russian,1,Russisch,Ruso,Russe,俄文 俄文 俄文
1017,sale,1,Verkauf,venta,vente,销售销售
1018,Samaritan’s,1,Samariter,Samaritan’s,Samaritains,撒马利亚人
1019,say,1,sagen,¡Dilo!,Disons :,说
1020,says,1,sagt,dice,dit :,说:
1021,scalable,1,skalierbar,escalable,scalable,可缩放
1022,scams,1,Betrug,estafas,escroqueries,骗骗骗
1023,Science',1,"Wissenschaft""",Ciencia',La science»,科学
1024,SCOOP,1,SCOOP,SCOOP,SCOOP,孔孔
1025,scores,1,Werte,puntuaciones,scores,得分数
1026,season,1,Jahreszeit,estación,saison,季节季节
1027,seat,1,Sitz,asiento,Siège,位数
1028,seawater,1,Meerwasser,agua de mar,eau de mer,海水、海水、海水、海水、海水、海水、海水、海水、海水、海水、海水、海水、海水、海水、海水、海水、海水、海水、海水、海水、海水、海水、海水、海水、海水、海水、海水、海水、海水、海水、海水、海水、海水、海水、海水、海水、海水、海水、海水、海水、海水、海水、海水、海水、海水、海水、海水、海水、海水、海水、海水、海水、海水
1029,Second,1,Zweiter,Segundo,Deuxième,第二届
1030,Secretary,1,Sekretär,Secretary,Secrétaire,秘书秘书秘书秘书
1031,secretly,1,Insgeheim,secretamente,secrètement,秘密秘密
1032,security,1,Sicherheit,seguridad,sécurité,安全安全
1033,Sen,1,SEN,Sen,Sénateur,森数
1034,sexual,1,sexuell,sexual,sexuelle,性 性 性 性
1035,shake,1,Schütteln,agitar,agiter,摇摇
1036,she,1,sie,ella,elle,谢 谢
1037,sheds,1,Schuppen,cobertizos,abris,"棚棚,"
1038,shelter,1,Unterschlupf,refugio,abri,庇护所
1039,shop,1,Shop,tienda,magasin,店铺
1040,shortly,1,in Kürze,en breve,sous peu,不久不久
1041,Side,1,Seite,Lado,Côté,侧边
1042,silence,1,Stille,silencio,silence,静静
1043,sister,1,Schwester,hermana,sœur,姐姐 姐姐
1044,site,1,Ort,sitio,site,网址网址
1045,sketch,1,Skizze,boceto,croquis,草图草图
1046,small,1,klein,pequeño,petite,小
1047,sobriety,1,Nüchternheit,sobriedad,sobriété,戒酒
1048,soda,1,Soda,soda,Soda,苏打汽水
1049,softball,1,Softball,softbol,balle molle,垒球
1050,Sons,1,Söhne,Hijos,Fils,儿子
1051,speech,1,Rede,habla,discours,语音
1052,sports,1,Sport,deportes,sport,运动 运动 运动 运动 运动 运动 运动
1053,sportscaster,1,Sportcaster,sportcaster,sportifcaster,体育播放台
1054,Spot,1,Ort,Spot,Spot,点点点
1055,stabbed,1,abgestochen,apuñalado,poignardé,刺刺
1056,staff,1,Personal,Personal,de l ' Organisation des Nations Unies,工作人员 工作人员
1057,standing,1,stehend,de pie,debout,现职
1058,statement,1,Erklärung,declaración,déclaration,报表报表
1059,statue,1,Statue,estatua,Statue,雕像
1060,Steelers,1,Stähle und Stähle,Steelers,Aciers,钢钢人
1061,stirs,1,Schüttelfrost,revueltos,remuants,"电动,"
1062,stolen,1,gestohlen,robado,volé,被盗
1063,stores,1,Filialen,tiendas,magasins,储存仓库
1064,strike,1,Streik,huelga,grève,罢工罢工
1065,strokes,1,Schlaganfälle,trazos,AVERTISSEMENTS,中划线
1066,strongly,1,stark,con fuerza,fortement,强烈强烈
1067,struggle,1,Kampf,lucha,lutte,战斗 战斗
1068,stunning,1,Betäubung,impresionante,étourdissant,令人惊叹
1069,stunt,1,Stunt,acrobacia,cascade,发育障碍
1070,subscription,1,Abonnement,suscripción,abonnement,订阅
1071,succeed,1,Erfolg,tener éxito,réussir,成功成功
1072,Supreme,1,Oberster,Supremo,Suprême,最高最高
1073,suspect's,1,Verdächtiger,Sospechoso,Le suspect est,嫌疑人的
1074,sweep,1,Sweep,barrer,balayage,扫描
1075,swimsuit,1,Badeanzug,Traje de baño,maillot de bain,泳衣
1076,swirls,1,Wirbel,remolinos,tourbillons,旋转
1077,Tale',1,"Geschichte""",Cuento',C'est un conte.,说 道
1078,talks,1,Gespräche,charlas,Conférences,会谈 会谈
1079,tape',1,"Band""",Cinta.,Bandes magnétiques»,磁带'
1080,tariffs,1,Tarife,aranceles,tarifs douaniers,关税关税
1081,taxpayers,1,Steuerpflichtige,contribuyentes,contribuables,纳税人纳税人
1082,Tennessee,1,Tennessee,Tennessee,Tennessee,田田
1083,terrorism,1,Terrorismus,terrorismo,terrorisme,恐怖主义恐怖主义恐怖主义恐怖主义恐怖主义
1084,testing,1,Prüfung,ensayos,Essais,测试测试
1085,tests,1,Prüfungen,pruebas,Essais,测试测试
1086,Texas,1,WIRTSCHAFTSZWEIG,Texas,États-Unis,得克萨斯州
1087,theft,1,Diebstahl,robo,vol,盗窃
1088,ties,1,Verbindungen,ataduras,cravates,连结
1089,title,1,Titel,Título,titre,标题标题标题
1090,took,1,genommen,toma,pris,采取
1091,tools,1,Werkzeuge,herramientas,outils,工具工具
1092,town,1,Stadt,ciudad,ville,镇镇
1093,Toxic,1,Giftig,Tóxico,Toxique,有毒有毒
1094,traveling,1,Reisen,viajar,voyage,旅行旅费
1095,Trevor,1,Trevor,Trevor,Trevor,特雷弗
1096,trolls,1,Trolle,trolls,Trolls,巨巨人
1097,truck,1,LKW,camión,camion,卡车
1098,true,1,wahr,verdadero,vrai,真实
1099,turned,1,gedreht,girando,tourné,转转
1100,UCLA,1,UCLA,UCLA,UCLA,UCLA 加州大学
1101,UFC,1,UFC,UFC,UFC,UCUC 团结团结会
1102,UK,1,Vereinigtes Königreich,Reino Unido,Royaume-Uni,联合王国
1103,Ukraine,1,Ukraine,Ucrania,Ukraine,乌克兰 乌克兰 乌克兰 乌克兰 乌克兰 乌克兰 乌克兰
1104,Ukraine’s,1,Ukraine,Ucrania,Ukraine,乌克兰 乌克兰
1105,unfortunate,1,Unglücklich,desafortunado.,malheureuse,不幸
1106,United,1,Vereinigtes,Estados Unidos,Royaume-Uni,联 联 联 联 联 联 联 联 联 联 联 联 联 联 联 联 联 联 联 联 联 联 联 联 联 联 联 联 联 联 联 联 联 联 联 联 联 联 联 联 联 联 联 联 联 联 联 联 联 联 联 联 联 联 联 联 联 联 联 联 联 联 联 联 联 联 联 联 联 联 联 联 联 联 联 联 联 联 联 联 联 联 联 联 联 联 联 联 联 联 联 联 联 联 联 联 联 联 联 联 联 联 联 联 联 联 联 联 联 联 联 联 联 联 联 联 联 联 联 联 联 联 联 联 联 联 联 联 联 联 联 联 联 联 联 联 联 联 联 联 联 联 联 联 联 联 联 联 联 联 联 联 联 联 联 联 联 联 联 联 联 联 联 联 联 联 联 联 联 联 联 联 联 联 联 联 联 联 联 联 联 联 联 联 联 联 联 联 联 联 联 联 联 联 联 联 联 联 联 联 联 联 联 联 联 联 联 联 联 联 联 联 联 联 联 联 联 联 联 联 联 联 联 联 联 联 联 联 联 联 联 联 联 联 联 联 联 联 联 联 联 联 联 联 联 联 联 联 联 联 联 联 联 联 联 联 联 联 联 联 联 联 联 联 联 联 联 联 联 联 联 联 联 联 联 联 联 联 联 联 联 联 联 联 联 联 联 联 联 联 联 联 联 联 联 联 联 联 联 联 联 联 联 联 联 联 联 联 联 联 联 联 联 联 联 联 联 联 联 联 联 联 联 联 联 联 联 联 联 联 联 联 联 联 联 联 联 联 联 联 联 联 联 联 联 联 联 联 联 联 联 联 联 联 联 联 联 联 联 联 联 联 联 联 联 联 联 联 联 联 联 联 联 联 联 联 联 联 联 联 联 联 联 联 联 联 联 联 联 联 联 联 联 联 联 联 联 联 联 联 联 联 联 联 联 联 联 联 联 联 联 联 联 联 联 联 联 联 联 联 联 联 联 联 联 联 联 联 联 联 联 联 联 联 联 联 联 联 联 联 联 联 联 联 联 联 联 联 联 联 联 联 联 联 联 联 联 联 联 联 联 联 联 联 联 联 联 联 联 联 联 联 联 联 联 联 联 联 联 联 联 联 联 联 联 联 联 联 联 联 联 联 联 联 联 联 联 联 联 联 联 联 联 联 联 联 联 联 联 联
1107,unleashes,1,entfesselt,desata,déchaîne,释放
1108,uranium',1,"Uran""",uranio',uranium»,铀
1109,USAID,1,USAID,USAID,États-Unis d'Amérique,美援署
1110,Variety,1,Sorten,Variedad,Variété,多样性
1111,Viet,1,Vietnam,Viet,Viet,越南 越南 越南
1112,violating,1,Verleumdung,violación de los derechos humanos,violant,违反《公约》
1113,viral,1,virale,viral,virale,病毒
1114,voter,1,Wähler,votante,électeur,选民选民选民
1115,vs,1,vs.,vs.,vs,Vs 和
1116,want,1,wollen,¿Quieres?,Je veux,需要
1117,wanting,1,zu wünschen,queriendo,vouloir,缺少
1118,Warnock,1,Warnock,Warnock,Warnock,华纳克
1119,warns,1,warnt,advierte,avertit,警告警告
1120,warplanes,1,Kriegsflugzeuge,aviones de combate,avions de guerre,战机
1121,was,1,wurde,era,était,原为
1122,watchdog,1,Wachhund,perro guardián,chien de garde,监 监 监 监 监
1123,Waters,1,Wasser,Aguas,Eau,水 水
1124,wax,1,Wachs,cera,cire,蜡蜡
1125,WCWS,1,WCWS,WCWS,WCWS,WWWWS WWS(WWWWW WWS)
1126,Web',1,"Web""",Web',Site web»,网络
1127,weekend,1,Wochenende,fin de semana,week-end,周末周末
1128,weeks,1,Wochen,semanas,semaines,周数
1129,Weinstein,1,Weinstein,Weinstein,Weinstein,温斯坦
1130,when,1,wenn,cuando,lorsque,何时
1131,whether,1,ob,si,l'un ou l'autre des critères suivants:,是否
1132,while,1,während,mientras,pendant,时时
1133,who,1,Wer,quién,qui,人 或 人
1134,will,1,wird,will,sera,会
1135,wine,1,Wein,vino,Vin,葡萄酒
1136,withdrawal,1,Rücknahme,retirada,retrait,退出退出
1137,workers,1,Arbeitnehmer,trabajadores,travailleurs,工人 工人
1138,workings,1,Arbeiten,funcionamiento,le fonctionnement,工作
1139,work’,1,Arbeit . . . . . . . . . . . . . . . . . . . . . . . . . . . . . . . . . . . . . . . . . . . . . . . . . . . . . . . . . . . . . . . . . . . . . . . . . . . . . . . . . . . . . . . . . . . . . . . . . . . . . . . . . . . . . . . . . . . . . . . . . . . . . . . . . . . . . . . . . . . . . . . . . . . . . . . . . . . . . . . . . . . . . . . . . . . . . . . . . . . . . . . . . . . . . . . . . . . . . . . . . . . . . . . . . . . . . . . . . . . . . . . . . . . . . . . . . . . . . . . . . . . . . . . . . . . . . .,trabajo»,Travail,工 工 工 工
1140,worlds,1,Welten,mundos,mondes,世界和世界
1141,worst,1,schlimmste,Lo peor.,le pire,最差
1142,would,1,würde,lo haría,serait,将
1143,writing,1,Schreiben,escritura,écrire,写写
1144,WWE,1,WWE,WWE,VEUILLES,WWWWWWWW WWW WWWW WWWW WWWW WWW WWW WWW WW WWW WWW WWW WW WW WW WW WW WW WW WW WW WW WW WW WW WW WW WW WW WW WW WW W WW WW W WW W W W W W W W W W WW WW WW W W W W W W W W W W WW W W W W W W W W W W W W W W W W W W W W W W W W W W W W W W W W W W W W W W W W W W W W W W W W W W W W W W W W W W W W W W W W W W W W W W W W W W W W W W W W W W W W W W W W W W W W W W W W W W W W W W W W W W W W W W W W W W W W W W W W W W W W W W W W W W W W W W W W W W W W W W W W W W W W W W W W W W W W W W W W W W W W W W W W W W W W W W W W W W W W W W W W W W W W W W W W W W W W W W W W W W W W W W W W W W W W W W W W W W W W W W W W W W W W W W W W W W W W W W W W W W W W W W W W W W W W W W W W W W W W W W W W W W W W W W W W W W W W W W W W W W W W W W W W W W W W W W W W W W W W W W W W W W W W W W W W W W W W W W W W W W W W W W W W W W W W W W W W W W W W W W W W W W W W W W W W W W W W W W W W W W W W W W W W W W W W W W W W W W W W W W W W W W W W W W W W
1145,years,1,Jahre,años,années,年份
1146,York,1,"L 347 vom 20.12.2013, S. 671.",York,États-Unis d'Amérique,"纽约,纽约"
1147,your,1,Ihre,tu,Votre,贵国的
1148,–,1,"- Nein, nein, nein, nein, nein, nein, nein, nein, nein, nein, nein, nein, nein, nein, nein, nein, nein, nein, nein, nein, nein, nein, nein, nein, nein, nein, nein, nein, nein, nein, nein, nein, nein, nein, nein, nein, nein, nein, nein, nein, nein, nein, nein, nein, nein, nein, nein, nein, nein, nein, nein, nein, nein, nein, nein, nein, nein, nein, nein, nein, nein, nein.",–,–,- ~ ~ ~ ~ ~
1149,‘,1,„,«,«,' '
1150,‘illegal’,1,"„illegal""",«ilegal»,«illégaux»,`非法 '
1151,‘kindness’,1,"„Freundlichkeit""",«bondad»,«la bonté»,""" 慈善 """
1152,‘Resist,1,„Widerspruch,«Resistir,«Résister,`抵抗
1153,‘victory’,1,"„Sieg""",«victoria»,«victoire»,`胜利 '
1154,‘We’re,1,„Wir sind,«Somos,«Nous sommes,`我们'
1155,…,1,...,...,"- C'est quoi, ça ?",.
