,word-de,count,word-en,word-zh
0,in,70,in,. . .
1,der,48,of the,- ... ... ...
2,und,43,and,...而且... ...
3,die,33,the,- - - -
4,für,32,for,- ... 为...
5,auf,21,on the,. . .
6,mit,20,with,...是... ...
7,nach,20,after,. . . . .
8,im,19,In the,. . .
9,Alabali-Radovan,18,Alabali Radovan,阿拉巴利 -拉多万
10,-,17,"- No, no, no, no, no, no, no.",- - -
11,an,17,to,印在... ...
12,bei,16,in the case of:,. . . .
13,Polen,14,Poland,"波兰人,波兰人,波兰人,波兰人,波兰人,波兰人,波兰人,波兰人,波兰人,波兰人,波兰人,波兰人,波兰人,波兰人,波兰人,波兰人,波兰人,波兰人,波兰人,波兰人,波兰人,波兰人,波兰人,波兰人,波兰人,波兰人,波兰人,波兰人,波兰人,波兰人,波兰人,波兰人,波兰人,波兰人,波兰人,波兰人,波兰人,波兰人,波兰人,波兰人,波兰人,波兰人,波兰人,波兰人,波兰人,波兰人,波兰人,波兰人,波兰人."
14,Deutschland,13,Germany,"德国,德国,德国,德国,德国,德国,德国,德国,德国,德国,德国,德国,德国,德国."
15,Entwicklungsministerin,12,Minister for Development,发展部部长
16,Wie,12,How,如何... ...如何... ...如何...
17,zu,12,to,...到... ...
18,zur,12,to the,...到... ...
19,Russland,11,Russia,俄罗斯
20,Ukraine,11,Ukraine,乌克兰
21,von,11,from,作者:
22,vor,10,before,...前... ...
23,eine,9,one,一个... ...一个... ...一个...
24,gegen,9,against,被告人... ...
25,Präsidentenwahl,9,Presidential election,总统选举
26,Tote,9,Dead,死人
27,als,8,as,...当... ...
28,Hamburg,8,Hamburg,汉堡
29,Israel,8,Israel,"以色列,以色列,以色列,以色列,以色列,以色列,以色列,以色列,以色列,以色列,以色列,以色列,以色列,以色列,以色列,以色列,以色列,以色列,以色列,以色列,以色列,以色列,以色列,以色列,以色列,以色列,以色列,以色列,以色列,以色列,以色列,以色列,以色列,以色列,以色列,以色列,以色列,以色列,以色列,以色列,以色列,以色列,以色列,以色列,以色列,以色列,以色列,以色列,以色列,以色列,以色列,以色列,以色列,以色列,以色列,以色列,以色列,以色列,以色列,以色列,以色列,以色列,以色列,以色列,以色列."
30,Reem,8,Reem,Reem Reem
31,Wadephul,8,Wadephul,Wadephul.
32,Zurückweisungen,8,Rejections,拒绝
33,am,7,Date,是... ...
34,den,7,the,. . . .
35,ein,7,a,"一,二,三,四,三,四,四,四"
36,ist,7,is,. . . . .
37,Merz,7,Merz,梅爾茲
38,neue,7,new,新的...
39,will,7,want,...我... ...
40,aus,6,from,. . . .
41,Demokratie,6,Democracy,民主政体
42,Dobrindt,6,Dobrindt,杜布列特
43,Hamburger,6,Hamburger,{\fn黑体\fs22\bord1\shad0\3aHBE\4aH00\fscx67\fscy66\2cHFFFFFF\3cH808080}汉堡包 {\fnarial black\fs12\bord1\shad0\4aH00\fscx90\fscy110}Burgers.
44,Nawrocki,6,Nawrocki,纳瓦基
45,Südkorea,6,South Korea,"韩国人,韩国人,韩国人,韩国人,韩国人,韩国人"
46,Ukraine-Liveblog,6,Ukraine live blog,乌克兰历史博客
47,Was,6,What,什么?
48,Welt,6,World,世界
49,wird,6,will,. . . . . .
50,zum,6,to the,...到... ...
51,AfD,5,AfD,AfD
52,Baerbock,5,Baerbock,Baerbock.
53,beim,5,at the,. . . .
54,Chaos,5,Chaos,乱七八糟的
55,China,5,China,"中國,中國,中國,中國,中國,中國,中國,中國,中國,中國,中國,中國,中國,中國,中國,中國,中國,中國,中國,中國,中國."
56,Gaza,5,Gaza,加沙
57,gewinnt,5,wins,赢了
58,Gewitter,5,Thunderstorms,雷暴雨
59,Kinder,5,Children,孩子们
60,mehr,5,more,更多
61,nicht,5,not,"不,不,不,不,不,不,不,不,不,不,不,不,不,不,不,不,不,不,不,不,不,不,不,不,不,不,不,不,不,不,不,不,不,不,不,不,不,不,不,不,不,不,不,不,不,不,不,不,不,不,不,不,不,不,不,不,不,不,不,不,不,不,不."
62,Trotz,5,Despite,纵使如此
63,Umbruch,5,Change,改道了
64,vom,5,of the,...来自... ...
65,Zwischen,5,Between,在... ...
66,über,5,on,- - - -
67,A,4,A,A
68,aller,4,all,每个人
69,Angriff,4,Attack,进攻!
70,Außenminister,4,Minister for Foreign Affairs,"Foreign Secretary, Foreign Secretary, Foreign Secretary"
71,Brand,4,Fire,Brand Brand Brand.
72,das,4,the,那个...
73,Deutsche,4,German,德国佬
74,doch,4,but,"是的,是的,是的."
75,Druck,4,Pressure,壓力
76,es,4,it,...它... ...
77,ESA,4,ESA,Easy Easy East
78,Europa,4,Europe,"欧洲,欧洲,欧盟,欧盟,欧盟,欧盟,欧盟,欧盟,欧盟,欧盟,欧盟,欧盟,欧盟,欧盟,欧盟,欧盟,欧盟,欧盟,欧盟,欧盟,欧盟,欧盟,欧盟,欧盟,欧盟,欧盟,欧盟,欧盟,欧盟,欧盟,欧盟,欧盟,欧盟,欧盟,欧盟,欧盟,欧盟,欧盟,欧盟,欧盟,欧盟,"
79,Fall,4,Case,跌到谷底了
80,fest,4,fixed,绑紧了
81,Friedensgutachten,4,Peace Reports,和平评估
82,Globale,4,Global,全球化
83,hat,4,has,...他... ...
84,hält,4,Keeps,"稳住,稳住,稳住"
85,Kritik,4,Criticism,批評?
86,Lage,4,Situation,情况危急
87,Lösungen,4,Solutions,解决之道
88,nachhaltige,4,sustainable,"可持续的,可持续的,可持续的,可持续的,可持续的,可持续的,可持续的,可持续的,可持续的,可持续的,可持续的,可持续的,可持续的,可持续的,可持续的,可持续的,可持续的,可持续的,可持续的,可持续的,可持续的,可持续的,可持续的,可持续的,可持续的,可持续的,可持续的,可持续的,可持续的,可持续的,可持续的,可持续的,可持续的,可持续的,可持续的,可持续的,可持续的,可持续的,可持续的,可持续的,可持续的,可持续的,可持续的,可持续的,可持续的,可持续的,可持续的,可持续的,可持续的,可持续的,可持续的, 可持续的,可持续的,可持续的的,"
89,nimmt,4,Takes,接受... ...
90,noch,4,Not yet,仍然如此
91,plant,4,Plans,计划生育计划
92,steht,4,stands,站立着
93,tritt,4,Steps,踢啊 踢啊 踢啊 踢啊 踢啊 踢啊 踢啊 踢啊 踢啊 踢啊 踢啊 踢啊 踢啊 踢啊 踢啊 踢啊 踢啊 踢啊 踢啊 踢啊 踢啊 踢啊 踢啊 踢啊 踢啊 踢啊 踢啊 踢啊 踢啊 踢啊 踢啊 踢啊 踢啊 踢啊 踢啊 踢啊 踢啊 踢啊 踢啊 踢啊 踢啊 踢啊 踢啊 踢啊 踢啊 踢啊 踢啊
94,UN,4,UN,联合国
95,Urteil,4,Judgment,判决书
96,USA,4,USA,"美国,美国,美国,美国,美国,美,美,美,美,美,美,美,美,美,美,美,美,美,美,美,美,美,美,美,美,美,美,美,美,美,美,美"
97,Verletzte,4,Injured,受伤的伤员
98,wegen,4,for,因为... ...因为...
99,Abschlussbericht,3,Final report,结束报告
100,Angola,3,Angola,安哥拉
101,auch,3,also,也同样如此
102,aufgehoben,3,repealed,保留了它
103,Aufhebung,3,Repeal,"不,不,不,不,不,不,不,不,不,不,不,不,不,不,不,不,不,不,不,不,不,不,不,不,不,不,不,不,不,不,不,不,不,不,不,不,不,不,不,不,不,不,不,不,不,不!"
104,Bayern,3,Bavaria,巴伐利亚人
105,Besserer,3,Better,更好的是
106,bezieht,3,with respect to:,references.
107,Bonn,3,Bonn,波恩
108,BSW,3,BSW,BSW
109,Büro,3,Office,"办公室,办公室,办公室,办公室,办公室,办公室,办公室,办公室,办公室,办公室,办公室,办公室,办公室,办公室,办公室,办公室,办公室,办公室,办公室,办公室,办公室"
110,Cabinda,3,Cabinda,"卡宾达,卡宾达,卡宾达,卡宾达,卡宾达,卡宾达,卡宾达,卡宾达,卡宾达,卡宾达,卡宾达,卡宾达,卡宾达,卡宾达,卡宾达,卡宾达,卡宾达,卡宾达,卡宾达,卡宾达,卡宾达,卡宾达,卡宾达,卡宾达,卡宾达,卡宾达,卡宾达,卡宾达,卡宾达,卡宾达,卡宾达,卡宾达,卡宾达,卡宾达,卡宾达"
111,Catherine,3,Catherine,凯萨琳
112,Cyberattacken,3,Cyberattacks,网络攻击
113,dem,3,The,...他... ...
114,Einladung,3,Invitation,邀请函
115,Erklärung,3,Declaration,解釋一下
116,Ermittler,3,Investigator,调查员
117,europäische,3,European,"欧洲,欧洲,欧洲,欧盟,欧盟,欧盟,欧盟,欧盟,欧盟,欧盟,欧盟,欧盟,欧盟,欧盟,欧盟,欧盟,欧盟,欧盟,欧盟,欧盟,欧盟,欧盟,欧盟,欧盟,欧盟,欧盟,欧盟,欧盟,欧盟,欧盟,欧盟,欧盟,欧盟,欧盟,欧盟."
118,Frankreichs,3,France,法國人
119,Gazastreifen,3,Gaza,加沙地带
120,Gesellschaft,3,Society,社交圈
121,gestorben,3,Died,死了
122,Guterres,3,Guterres,"善良的,善良的,善良的,善良的,善良的,善良的,善良的,善良的,善良的,善良的,善良的,善良的,善良的,善良的,善良的,善良的,善良的,善良的,善良的,善良的,善良的,善良的,善良的,善良的,善良的,善良的,善良的,善良的,善良的,善良的,善良的,善良的,善良的,善良的,善良的"
123,hilft,3,Helps,幫了大忙
124,Johann,3,Johann,约翰·约翰
125,Jury,3,Jury,陪审员
126,KI,3,AI,人工智慧
127,KM-Podcast,3,KM podcast,KM -Podcast
128,Kommission,3,Commission,委员会
129,kritisiert,3,Criticism,批評人
130,Leyen,3,Leyen,Leyen Leyen
131,Libyen,3,Libya,利比亚
132,liegt,3,in the case of:,躺着躺着
133,Maddie,3,Maddie,Maddie Maddie
134,Marktbericht,3,Market report,市场报告
135,Mascha,3,Masha,Mascha.
136,Ministerin,3,Minister,国务卿
137,Mitzeichnung,3,Co-signation,记录在案
138,multilaterale,3,Multilateral,"多边形,多边形"
139,Nachhaltigkeit,3,Sustainability,"可持续性,可持续性,可持续性,可持续性,可持续性,可持续性,可持续性,可持续性,可持续性,可持续性,可持续性,可持续性,可持续性,可持续性,可持续性,可持续性,可持续性,可持续性,可持续性,可持续性,可持续性,可持续性,可持续性,可持续性,可持续性,可持续性,可持续性,可持续性,可持续性,可持续性,可持续性,可持续性,可持续性,可持续性,可持续性,可持续性,可持续性,可持续性,可持续性,可持续性,可持续性,可持续性,可持续性,可持续性,可持续性,可持续性,可持续性,可持续性,可持续性,可持续性,可持续性,可持续性."
140,Netanjahu,3,Netanyahu,"内塔尼亚胡,内塔尼亚胡,内塔尼亚胡,内塔尼亚胡,内塔尼亚胡,内塔尼亚胡,内塔尼亚胡,内塔尼亚胡,内塔尼亚胡,内塔尼亚胡,内塔尼亚胡,内塔尼亚胡,内塔尼亚胡,内塔尼亚胡,内塔尼亚胡,内塔尼亚胡,内塔尼亚胡,内塔尼亚胡,内塔尼亚胡,内塔尼亚胡,内塔尼亚胡,内塔尼亚胡,内塔尼亚胡,内塔尼亚胡,内塔尼亚胡,内塔尼亚胡,内塔尼亚胡,内塔尼亚胡,内塔尼亚胡."
141,Niederlande,3,Netherlands,荷兰
142,Pandemieabkommen,3,Pandemic agreements,流行性大流行病协议
143,Politik,3,Policy,政治
144,Preis,3,Price,代价是...
145,Präsident,3,President,总统
146,publica,3,publica,出版社
147,Raketenbau,3,Rocket construction,火箭制造厂
148,re,3,re,re re
149,Regierung,3,Government,政府... 政府...
150,Reichweitenbeschränkung,3,Range restriction,射程限制
151,Russell,3,Russell,罗素
152,Sanktionen,3,Penalties,制裁
153,Scheideweg,3,Crossroads,十字路口
154,Schilinski,3,Shilinsky,薛林斯基
155,Schutz,3,Protection,保护措施
156,SDGs,3,SDGs,SDGs
157,sich,3,you,自我
158,sprechen,3,speech,说话啊
159,Startschuss,3,Launch,发射目标
160,Syrien,3,Syria,"叙利亚,叙利亚,叙利亚,叙利亚,叙利亚,叙利亚,叙利亚,叙利亚,叙利亚,叙利亚,叙利亚,叙利亚,叙利亚,叙利亚,叙利亚,叙利亚,叙利亚,叙利亚,叙利亚,叙利亚,叙利亚."
161,Süden,3,South,"南面,南面"
162,trifft,3,meets,打中了
163,Tusk,3,Tusk,Tusk Tusk
164,UN-Generalsekretär,3,UN Secretary-General,联合国秘书长
165,UN-Generalversammlung,3,UN General Assembly,联合国大会
166,Unabhängigkeit,3,Independence,独立自主
167,Unabhängigkeitskampf,3,The struggle for independence,独立斗争
168,Unfall,3,Accident,出车祸了
169,UNICEF-Exekutivdirektorin,3,UNICEF Executive Director,儿童基金会执行主任
170,verantwortungsvoller,3,responsible,"负责任的,负责任的,负责任的,负责任的,负责任的,负责任的,负责任的,负责任的,负责任的,负责任的,负责任的,负责任的,负责任的,负责任的,负责任的,负责任的,负责任的,负责任的,负责任的,负责任的,负责任的,负责任的,负责任的,负责任的,负责任的,负责任的,负责任的,负责任的,负责任的,负责任的,负责任的,负责任的,负责任的,负责任的,负责任的,负责任的,负责任的,负责任的,负责任的,负责任的"
171,viele,3,many,很多
172,Weg,3,Move,消失无踪
173,Wetter,3,Weather,天气预报
174,wieder,3,again,又来一次
175,Wilders,3,Wilderers,怀尔德家的人
176,wirbt,3,advertises,逆流而上
177,Wirtschaftssanktionen,3,Economic sanctions,经济制裁
178,Wo,3,Where,在哪里?
179,Women,3,Women,女孩儿们
180,Zukunft,3,Future,未来
181,Zusammenarbeit,3,Cooperation,合作
182,–,3,–,\ \ \ \ \ \ \ \ \ \ \ \ \ \ \ \ \ \ \ \ \ \ \ \ \ \ \ >
183,Achtstundentag,2,Eight-hour day,8天之内
184,anderer,2,other,另一方是...
185,Angriffe,2,Attacks,攻击
186,Annalena,2,Annalena,安娜娜娜娜娜娜娜娜娜娜娜娜娜娜娜娜娜娜娜娜娜娜娜娜娜
187,Arbeit,2,Work,工作上的事
188,Asyl,2,Asylum,庇护所
189,Asylsuchender,2,Asylum seekers,寻求庇护者
190,beeinflussen,2,influence,影响. . .
191,bekannt,2,known,众所周知
192,bekommt,2,received,得到... ...
193,Berichte,2,Reports,报告
194,Berlin,2,Berlin,柏林
195,bezahlen,2,pay,付钱给你
196,Borna-Virus,2,Borna virus,博纳病毒
197,Brücken,2,Bridges,桥梁
198,Brückeneinstürzen,2,Bridge collapses,桥梁倒塌
199,Bundesentwicklungsministerin,2,Federal Minister for Development,联邦发展部长
200,Bundeskanzler,2,Federal Chancellor,德国总理
201,Christen,2,Christians,"基督教徒,基督徒,基督徒,基督徒,基督徒,基督徒,基督徒,基督徒,基督徒,基督徒,基督徒,基督徒,基督徒,基督徒,基督徒,基督徒,基督徒,基督徒,基督徒,基督徒,基督徒,基督徒,基督徒,基督徒,基督徒,基督徒,基督徒,基督徒,基督徒,基督徒,基督徒,基督徒,基督徒,基督徒,基督徒,基督徒,基督徒,基督徒,基督徒,基督徒,基督徒,基督徒,基督徒,基督徒,基督徒,基督徒,基督徒,基督徒,基督徒,基督徒,基督徒,基督徒,基督徒,基督徒,基督徒,基督徒,基督徒,基督徒,基督徒,基督徒,基督徒,基督徒,基督徒,基督徒,基督徒,基督徒,基督徒,基督徒,基督徒,基督徒,基督徒,基督徒,基督徒."
202,Conference,2,Conference,会议
203,des,2,of the,- ... ...
204,Dialog,2,Dialogue,对话
205,drehen,2,Rotate,转啊转啊转
206,Drei,2,Three,3个
207,Drohnenangriff,2,Drone attack,无人机攻击
208,eigenständiger,2,self-employed,"独立的,独立的,独立的,独立的,独立的,独立的,独立的,独立的,独立的,独立的,独立的,独立的,独立的,独立的,独立的,独立的,独立的,独立的,独立的,独立的,独立的,独立的,独立的,独立的"
209,Elbvertiefung,2,Deepening of the Elbe,"低血糖,低血糖,低血糖,低血糖,低血糖,低血糖,低血糖,低血糖,低血糖,低血糖,低血糖,低血糖,低血糖,低血糖,低血糖,低血糖,低血糖,低血糖,低血糖,低血糖,低血糖,低血糖,低血糖,低血糖,低血糖,低血糖,高血糖,高血糖,高血糖,高血肿,高血肿."
210,Entwicklung,2,Development,发展
211,erneut,2,again,再一次
212,Feuer,2,Fire,着火了
213,Finanzämter,2,Financial offices,金融管理人
214,Forderung,2,Requirement,应收款要求
215,Fragen,2,Questions,问问题
216,funktioniert,2,works,起作用了
217,Geert,2,Geered,接收到的
218,Gerichtsentscheidung,2,Court decision,法庭判决书
219,Germanische,2,Germanic,日耳曼语
220,Gesundheit,2,Health,- 健康 - 健康 - 健康
221,gewählt,2,elected,当选总统
222,Graham,2,Graham,格雷厄姆·格雷厄姆
223,Grenzkontrollen,2,Border controls,边境管制
224,Herkunftsländer,2,Countries of origin,原籍国
225,Hessen,2,Hessian,黑森
226,heute,2,today,今天...
227,Hilfszentrum,2,Help Centre,救援中心
228,hofft,2,Hopes,希望是
229,hohe,2,"high, high, high, high, high, high, high, high, high, high, high, high, high, high, high, high, high, high, high, high, high, high, high, high, high, high, high, high, high, high, high, high, high, high, high, high, high, high, high, high, high, high, high, high, high, high, high, high, high, high, high, high, high, high, high, high, high, high, high, high, high, high, high, high, high, high, high, high, high, high, high, high, high, high, high, high, high, high, high, high, high, high, high, high, high, high, high, high, high, high, high, high, high, high, high, high, high, high, high, high, high, high, high, high, high, high, high, high, high, high, high, high, high, high, high, high, high, high, high, high, high, high, high, high, high, high, high, high, high, high, high, high, high, high, high, high, high, high, high, high, high, high, high, high, high, high, high, high, high, high, high, high, high, high, high, high, high, high, high, high, high, high, high,",高高在上
230,immer,2,always,总是这样
231,Infektion,2,Infection,感染
232,Inflation,2,Inflation,通貨膨胀
233,Istanbul,2,Istanbul,伊斯坦布尔
234,Jahre,2,Years,多年了
235,Jahresbericht,2,Annual report,是的 年度报告
236,Kasse,2,Cashier's account,"收银机,收银机,收银机"
237,keine,2,none,无.
238,Klitschko,2,Klitschko,奇奇科
239,knapp,2,Short,差一点
240,kompakt,2,Compact,交易完成
241,Konferenz,2,Conference,会议
242,Krankenhaus,2,Hospital,"医院,医院,医院,医院,医院,医院,医院,医院,医院,医院,医院,医院,医院,医院,医院,医院,医院,医院,医院,医院"
243,Krim-Brücke,2,Crimean Bridge,克里米亚桥
244,laut,2,Loud,大声点
245,Lehre,2,Teaching,"教书,教书"
246,Leitung,2,Management,接线员
247,Ländervergleich,2,Country comparison,国家对比
248,lässt,2,Leaves,...他... ... 他...
249,Mann,2,Man,老兄
250,Maximalforderungen,2,Maximum requirements,最大限度的挑战
251,Medizin,2,Medicine,医学院的医学院
252,meldet,2,Reported,报告情况
253,Memorandum,2,Memorandum,備忘錄
254,Mensch,2,Human,人类
255,Menschen,2,People,人类
256,Menschenrechtspreis,2,Human Rights Prize,人权奖
257,Miersch,2,Miersch,密尔西比河
258,Milliardäre,2,Billionaires,亿万富翁们
259,Montag,2,Monday,星期一
260,muss,2,must:,不得不这么做
261,mutige,2,Courageous,勇敢的人
262,NASA-Chef,2,NASA Chief,太空总署局长
263,NATO,2,NATO,"北约,北约,北约,北约,北约,北约,北约,北约,北约,北约,北约,北约,北约,北约,北约,北约,北约,北约,北约,北约,北约,北约,北约,北约,北约,北约,北约,北约,北约,北约,北约,北约,北约,北约,北约,北约,北约."
264,Nawrocki-Sieg,2,Nawrocki Victory,纳瓦基 - 胜利
265,Nazis,2,Nazis,纳粹党
266,neuer,2,new,"新的,新的,新的的,新的的"
267,Neuwahlen,2,New elections,新选举
268,News,2,News,"新闻,新闻,新闻,新闻,新闻,新闻,新闻,新闻,新闻,新闻,新闻,新闻,新闻,新闻,新闻,新闻,新闻,新闻,新闻,新闻,新闻,新闻,新闻,新闻,新闻,新闻,新闻,新闻,新闻,新闻,新闻,新闻,新闻,新闻,新闻,新闻,新闻,新闻,新闻,新闻,新闻,新闻,新闻,新闻,新闻,新闻,新闻,新闻,新闻,新闻,新闻,新闻,新闻,新闻"
269,Newsletter,2,Newsletter,新闻记者
270,Nietzard,2,Nietzard,尼采德 (Nietzard)
271,oben,2,Top,楼上
272,oder,2,or,或者...
273,offen,2,Open,敞开的门
274,Opfer,2,Victims,牺牲品
275,PayPal,2,PayPal,佩帕尔 (PayPal)
276,per,2,per,通过... ... 通过...
277,platzen,2,burst,爆炸了
278,Portugal,2,Portugal,"葡萄牙,葡萄牙,葡萄牙,葡萄牙,葡萄牙,葡萄牙,葡萄牙,葡萄牙,葡萄牙,葡萄牙,葡萄牙,葡萄牙,葡萄牙,葡萄牙,葡萄牙,葡萄牙,葡萄牙,葡萄牙,葡萄牙,葡萄牙,葡萄牙,葡萄牙,葡萄牙,葡萄牙,葡萄牙,葡萄牙,葡萄牙,葡萄牙,葡萄牙,葡萄牙,葡萄牙,葡萄牙,葡萄牙,葡萄牙,葡萄牙,葡萄牙,葡萄牙,葡萄牙,葡萄牙,葡萄牙,葡萄牙,葡萄牙,葡萄牙,葡萄牙,葡萄牙,葡萄牙,葡萄牙,葡萄牙,葡萄牙,葡萄牙,葡萄牙,葡萄牙,葡萄牙,葡萄牙,葡萄牙,葡萄牙,葡萄牙,葡萄牙,葡萄牙,葡萄牙,葡萄牙,葡萄牙,葡萄牙,葡萄牙,葡萄牙."
279,Prinzessin,2,Princess,公主殿下
280,Präsidentin,2,President,总统阁下
281,prüfen,2,Check,核实一下
282,radikale,2,Radical,激进的激进分子
283,Rassismus,2,Racism,種族歧視
284,Rauer,2,Rough,啊 啊 啊 啊 啊 啊 啊 啊 啊 啊 啊 啊 啊 啊 啊 啊 啊 啊 啊 啊 啊 啊 啊 啊 啊 啊 啊 啊
285,rechnet,2,calculated,计算结果出来了
286,Rechtskonservativer,2,Legal-conservative,法律保守主义者
287,Rechtsnationalist,2,Legal nationalist,右翼民族主义者
288,Rechtsverordnung,2,Legal regulation,法律法规
289,rechtswidrig,2,Illegal,非法的
290,russische,2,Russian,俄国佬
291,Saarland,2,Saarland,萨尔兰
292,scharfen,2,sharp,锋利的刀锋
293,schwer,2,severe,很难
294,Schüsse,2,Shots,枪声
295,Shangri-La,2,Shangri-La,香格里拉
296,sichere,2,safe,安全起见
297,sind,2,are,. . . . . . . . . . . . . . . . . . . . . . . . . . . . . . . . . . . . . . . . . . . .
298,soll,2,to:,应为... ...
299,Sozialplan,2,Social plan,社会计划
300,Stabilität,2,Stability,稳定的稳定性.
301,statt,2,for,代替它
302,Steel,2,Steel,铁球
303,stellen,2,The Commission's,投案?
304,Stellenabbau,2,Decreasing the number of jobs,裁员
305,stellt,2,Sets,假设...
306,Steuerbescheid,2,Tax ruling,税单
307,Studie,2,Study,"研究,研究,研究,研究,研究,研究,研究,研究,研究,研究,研究,研究,研究,研究,研究,研究,研究,研究,研究,研究,研究,研究,研究,研究,研究,研究,研究,研究,研究,研究,研究,研究,研究,研究,研究,研究,研究,研究,研究,研究,研究"
308,Suche,2,Search,搜索中
309,Sustainability,2,Sustainability,稳定性稳定性
310,teils,2,Partially,一部分是部分的
311,telefoniert,2,Telephoned,电话里讲电话
312,Thyssenkrupp,2,Thyssenkrupp,泰森库普
313,Ton,2,Sound,音响
314,Traum,2,Dream,梦境
315,trotzte,2,Defeat,"反对,反对,反对,反对,反对,反对,反对,反对,反对,反对,反对,反对,反对,反对,反对和反对"
316,Trump,2,Trump,特朗普 特朗普
317,tägliche,2,daily,每天都有
318,tödliche,2,fatal,致命一击
319,ukrainischen,2,Ukrainian,乌克兰人
320,Umgang,2,How to deal with them,管理方式
321,UN-Vollversammlung,2,UN General Assembly,联合国大会全会
322,US-Märkte,2,US markets,美国国务卿
323,US-Senator,2,US Senator,美国参议员
324,Verdächtiger,2,Suspect,嫌犯是嫌犯
325,vereint,2,United,团结一致
326,verkraftet,2,with a weight of not more than 10 g/m2 and a weight of not more than 10 g/m2,撑得住的
327,verletzt,2,Injured,你受伤了吗?
328,Verteidigung,2,Defence,辩方律师
329,Vertrauensfrage,2,Question of confidence,信任问题
330,viel,2,much,很多东西
331,Vitali,2,Vitali,维塔利
332,vorn,2,front,前面
333,Waffenlieferungen,2,Shipments of arms,武器供应商
334,weiter,2,continue,向前看
335,werden,2,will be,...你将... ...
336,Zukunftsallianzen,2,Future Alliances,未来的远征者
337,Zurückweisung,2,Rejection,拒绝
338,Zwei,2,Two,二...
339,übernimmt,2,Takes over,接管公司
340,-Jähriger,1,-year-old,- 年青人
341,-Minuten-Podcast,1,-Minute podcast,- 分钟播音员播音员
342,ab,1,from,从下到下
343,abgebaut,1,Degraded,被拆散了
344,abgeschlagen,1,Dejected,撤消了
345,Absprachen,1,Agreements,协议书
346,Aktien,1,Shares,股票
347,allem,1,All,所有东西
348,Amazons,1,Amazon,亚马逊州
349,Amtszimmer,1,Office,办公室办公室
350,andere,1,Other,其它方面呢?
351,Anfragen,1,Questions,要求要求
352,angezogener,1,of which:,更吸引人
353,Anleger,1,Investors,投資人
354,Apfelbäume,1,Apple trees,苹果苹果
355,Asche,1,Ash,尘埃落定
356,Asien,1,Asia,"亚洲,亚洲,亚洲,亚洲,亚洲,亚洲,亚洲,亚洲,亚洲,亚洲,亚洲和亚洲."
357,Asylstreit,1,Asylum dispute,庇护争端
358,Asylsuchenden,1,Asylum seekers,寻求庇护的人
359,Atlas,1,Atlas,阿特拉斯
360,aufgerolltes,1,Rolled-up,卷起的
361,Auktion,1,Auction,拍卖会
362,ausbauen,1,expand,扩大范围
363,ausgeweitet,1,extended,扩大范围
364,ausgezeichnet,1,Excellent,好得不得了
365,Ausschreitungen,1,Riots,暴动的发生.
366,Aussicht,1,Prospects,风景预报
367,Autobahn,1,Motorway,高速公路
368,Autos,1,Cars,汽车
369,Autounfall,1,Car accident,车祸
370,außenpolitisch,1,External policy,"外在政治上,外在,外在的,外在的,外在的,外在的,外在的,外在的,外在的,外在的,外在的,外在的,外在的,外在的,外在的,外在的,外在的,外在的,外在的,外在的,外在的,外在的,外在的,外在的,外在的外在的."
371,BaFin,1,BaFin,巴菲恩
372,Baum,1,Tree,"树,树,树,树,树,树,树,树,树,树,树,树,树木,树木,树木,树木,树木,树木,树木,树木,树木,树木,树木,树木,树木,树木"
373,Baustellen,1,Construction sites,建筑工地
374,Bayer,1,Bayer,Bayer
375,bedeutet,1,means,意思就是...
376,bedroht,1,Threatened,威胁到我们
377,Bedrohungslage,1,Threats,威胁局势
378,beendet,1,Finished,"结束,结束"
379,beginnen,1,Start,开始工作吧
380,bemängelt,1,Complaints,婚前协议
381,beraten,1,Advising,咨询意见
382,Beschluss,1,Decision,决定权在谁手上?
383,besetzte,1,staff,被占领了
384,besondere,1,special,特别的
385,bestimmen,1,Determine,决定权在谁身上
386,Besucher,1,Visitors,访客们
387,betont,1,Emphasizes,着重指出
388,betroffen,1,affected,受到影響
389,Bewährungsstrafe,1,Probational penalty,假释期
390,bezeichnet,1,paragraph 1 is replaced by the following:,叫做... ...
391,Beziehungen,1,Relations,关系? 关系?
392,Biotech-Start-ups,1,Biotech start-ups,生物科技发射程序
393,bis,1,Until,直到... ...
394,bisschen,1,Little,有一点
395,Black,1,Black,Black Black
396,Blatten,1,Sheets,叶子
397,blühen,1,flowers,盛开的花朵
398,Bonner,1,Bonner,"波纳,波纳,波纳,波纳,波纳,波纳,波纳,波纳,波纳,波纳,波纳,波纳,波纳,波纳,波纳,波纳,波纳,波纳,波纳,波纳,波纳,波纳,波纳,波纳,波纳,波纳,波纳,波纳,波纳,波纳,波纳,波纳,波纳,波纳,波纳,波纳,波纳,波纳,波纳,波纳,波纳,波纳,波纳,波纳,波纳,波恩,波恩,波恩,波恩,波恩,波恩,波恩,波恩,波恩,波恩,波恩,波恩,波恩,波恩,波恩,波恩,波恩,波恩,波恩,波恩,波恩,波恩,波恩,博恩,博恩,博恩,博恩."
399,Brandenburg,1,Brandenburg,Brandenburg
400,Brasilien,1,Brazil,巴西
401,Bravo,1,Bravo,布拉沃.
402,Bremerhaven,1,Bremerhaven,Bremerhaven Bremerhaven.
403,Britische,1,British,英国佬
404,Brückeneinsturz,1,Bridge collapse,桥梁倒塌
405,Brüssel,1,Brussels,"Brussels Brussels, Brussels, Brussels, Brussels, Brussels, Brussels, Brussels, Brussels."
406,Bundespolizeipräsident,1,Federal Police President,州警署长
407,Bundestag,1,Bundestag,联邦日
408,Bundesverfassungsgericht,1,Federal Constitutional Court,联邦宪政法庭
409,Bus,1,Bus,公交车
410,Bücherstube,1,Bookroom,"书房,书房,书店,书店,书店,书店,书店,书店,书店,书店,书店,书店,书店,书店,书店,书店,书店,书店,书店,书店,书店,书店,书店,书店,书店,书店,书店,书店,书店,书店,书店,书店,书店,书店,书店,书店,书店,书店,书店,书店,书店,书店,书店,书店,书店,书店,书店,书店"
411,Bürger,1,Citizens,市民们
412,Bürgerforschungsprojekt,1,Citizens' research project,公民研究项目
413,Causa,1,Causa,卡萨卡
414,Champions,1,Champions,冠军们
415,Champions-League-Finale,1,Champions League finale,冠军League决赛
416,Constantin,1,Constantin,康斯坦丁
417,CSU,1,CSU,"CSU,CSU,CSU,CSU,CSU,CSU,CSU,CSU,CSU,CSU,CSU,CSU,CSU,CSU,CSU,CSU,CSU,CSU,CSU,CSU,CSU,CSU,CSU,CSU,CSU,CSU,CSU,CSU,CSU."
418,CSU-Landesgruppenchef,1,Head of CSU Country Group,CSU省委长
419,Cum-Ex-Kronzeugen,1,Cum-Ex-Kronzeuge,Cum Ex -Colonents of Cum Ex -Krones.
420,Cybercrime,1,Cybercrime,网络犯罪系统
421,Côte,1,Côte,科特迪瓦
422,d'Ivoire,1,d'Ivoire,科特迪瓦人
423,dann,1,then,那么...
424,Delivery,1,Delivery,迪利韦里
425,dementiert,1,Deactivated,否认
426,Demo,1,Demo,示威游行
427,Deshalb,1,Therefore:,所以... ...所以...
428,deutlich,1,Clear,清楚了吗?
429,deutschen,1,German,德国佬
430,Deutschrap,1,German Rap,德文的拉瑞普
431,DFB-Verteidiger,1,DFB defender,DFB辩护律师
432,Dick,1,Thickness,迪克
433,dicke,1,Thickness,"厚厚的,厚的,厚的,厚的,厚的,厚的,厚的,厚的,厚的,厚的,厚的,厚的,厚的,厚的,厚的,厚的,厚的,厚的,厚的,厚的,厚的,厚的,厚的,厚的,厚的,厚的"
434,DIN-Normen,1,DIN standards,DIN -Normen
435,Diskriminierung,1,Discrimination,"歧视,歧视,歧视,歧视,歧视,歧视,歧视,歧视,歧视,歧视,歧视,歧视,歧视,歧视."
436,dos,1,dos,dos
437,Dutzende,1,Dozens,数十人
438,DW-Interview,1,DW interview,DW 访问
439,Dänemarks,1,Denmark,丹麦人
440,dürfen,1,may:,允许我... ...
441,Ehepaar,1,Couple,夫妻
442,einen,1,one,一品脱
443,eines,1,of the,其中一个
444,Einfamilienhaus,1,Single-family house,一家之户
445,eingestürzt,1,Falled,崩塌了
446,eingewiesen,1,Introduced,入院证物
447,Einkehr,1,Retreat,归根结底
448,Einzelfallentscheidung,1,Case-by-case decision,具体决定权在我手上
449,Ende,1,End,结局是:
450,entgleist,1,Derailed,脱轨了
451,Entlastungen,1,Discharges,减轻负担
452,entsteht,1,is produced,创造出一个
453,entwickeln,1,developing,开发中
454,Erdbeben,1,Earthquake,地震
455,erklärt,1,declared,解释了这一点
456,erneute,1,Renewed,再次出现
457,Erst,1,First,一开始是... ...
458,erwartet,1,Expected,我期待着... ...
459,erzwingen,1,Force,迫不得已
460,erzählt,1,narrated,故事讲述了
461,Euro,1,Euro,欧元
462,Europarat,1,Council of Europe,欧洲委员会 (European Council)
463,Europol,1,Europol,欧洲刑警组织 (European Pole)
464,Euroraum,1,Euro area,"欧元区,欧元区,欧盟,欧盟,欧盟,欧盟,欧盟,欧盟,欧盟,欧盟,欧盟,欧盟,欧盟,欧盟,欧盟,欧盟,欧盟,欧盟,欧盟,欧盟,欧盟,欧盟,欧盟,欧盟,欧盟,欧盟,欧盟,欧盟,欧盟,欧盟,欧盟,欧盟,欧盟,欧盟,欧盟,欧盟,欧盟,欧盟,欧盟,欧盟,欧盟,欧盟,欧盟,欧盟,欧盟,欧盟,欧盟,欧盟,欧盟,欧盟,欧盟,欧盟,欧盟和欧盟,欧盟,欧盟,欧盟,欧盟,欧盟,欧盟,欧盟,欧盟,欧盟,欧盟,欧盟,欧盟,欧盟,"
465,Extra-Fördergelder,1,Extra funding,额外的流动资金
466,Extremisten,1,Extremists,极端分子
467,F,1,F,"F,F,F,F,F,F,F,F,F,F,F,F,F,F,F,F,F,F,F,F,F,F,F,F,F,F,F,F,F,F,F,F,F,F,F,F,F,F,F,F,F,F,F,F,F,F,F,F,F,F,F,F,F,F,F,F,F,F,F,F,F,F,F,F,F,F,F,F,F,F,F,F,F,F,F"
468,Faktencheck,1,Facts Check,事实调查
469,Fehlgeburt,1,Miscarriage,流产
470,feiert,1,celebrates,庆祝一下
471,festgenommen,1,Arrested,被逮捕了
472,Finale,1,Final,决赛结束
473,Floyd,1,Floyd,弗洛伊德
474,Flugzeuge,1,Aircraft,飞机
475,Flut,1,Flood,洪水泛滥
476,fordern,1,demand,要求... 要求...
477,fordert,1,Calls,要求...
478,forscht,1,research,探索者
479,Forschung,1,Research,"研究,研究,研究,研究,研究,研究,研究,研究,研究,研究,研究,研究,研究,研究,研究,研究,研究,研究,研究,研究,研究,研究,研究,研究,研究,研究,研究,研究,研究,研究,研究,研究,研究,研究,研究,研究,研究,研究,研究,研究,研究,研究,研究"
480,Fortschritt,1,Progress,进展中
481,Frankreich,1,France,"法国,法国,法国,法国,法国,法国,法国,法国,法国,法国,法国,法国,法国,法国,法国,法国,法国,法国."
482,frei,1,Free,自由
483,Freiheit,1,Freedom,自由
484,Freiheits-Atlas,1,Freedom Atlas,自由之星
485,Freilassung,1,Release,释放自由人
486,früher,1,Previous,从前的我
487,Fußball-Nationalmannschaft,1,National football team,足球队国家足球队
488,Fünf,1,Five,5个
489,Gangart,1,Type of gear,走路的方式
490,Gaza-Waffenruheplan,1,Gaza peace plan,加沙武器休战计划
491,Gebiet,1,Area,区域.
492,gefallen,1,fallen,跌落
493,Gefangenenaustausch,1,Exchange of prisoners,囚犯交换条件
494,Gegenstände,1,Objects,物体
495,Geheimdienst,1,Intelligence,情报部门
496,Gehirnchip-Firma,1,Brain chip company,脑晶片公司
497,gekostet,1,Cost,尝一口吧
498,gelingt,1,Achievements,成功了
499,George,1,George,乔治
500,gerettete,1,Saved,救了人
501,Gericht,1,Court of Justice,"法庭,法庭,法院,法院,法院,法院,法院,法院,法院,法院,法院等"
502,gering,1,Low,微小的
503,gescheitert,1,Failed,失敗了
504,Geschichte,1,History,菌 菌
505,Geschwister,1,Siblings,兄弟姐妹们 {\cHFFFFFF}{\3cH2F2F2F}{\4cH000000}Her brothers.
506,gesichert,1,Secured,安全起见
507,gesperrt,1,locked,锁定了
508,Gesprächen,1,Conversations,谈话
509,getan,1,Done,完成
510,Gewalt,1,Violence,"暴力,暴力,暴力,暴力,暴力,暴力,暴力,暴力,暴力,暴力,暴力,暴力,暴力,暴力,暴力,暴力,暴力,暴力,暴力,暴力,暴力"
511,gibt,1,there,分配给...
512,Glaubwürdigkeit,1,Credibility,可信度很高
513,Glyphosat,1,Glyphosate,格力法萨 (Glyfasat)
514,gratuliert,1,Congratulations,祝贺你
515,Grenze,1,Boundary,国界线
516,Greta,1,Greta,Greta Greta
517,großes,1,Large,"大块头,大块头,大块头,大块头,大块头"
518,gruseliges,1,Scary,令人毛骨悚然的
519,Grüne,1,Greens/Greens/Greens/Greens/Greens/Greens/Greens/Greens/Greens/Greens/Greens/Greens/Greens/Greens/Greens/Greens/Greens/Greens/Greens/Greens/Greens/Greens/Greens/Greens/Greens/Greens/Greens/Greens/Greens/Greens/Greens/Greens/Greens/Greens/Greens/Greens/Greens/Greens/Greens/Greens/Greens/Greens/Greens/Greens/Greens/Greens/Greens/Greens/Greens/Greens/Greens/Greens/Greens/Greens/Greens/Greens/Greens/Greens/Greens,"绿色,绿色,绿色,绿色,绿色,绿色,绿色,绿色,绿色,绿色,绿色,绿色,绿色,绿色,绿色,绿色,绿色,绿色,绿色,绿色,绿色,绿色,绿色,绿色,绿色,绿色,绿色,绿色,绿色,绿色,绿色,绿色,绿色,绿色,绿色,绿色,绿色,绿色,绿色,绿色,绿色,绿色,绿色,绿色,绿色,绿色,绿色,绿色,绿色,绿色,绿色,绿色,绿色,绿色,绿色,绿色,绿色,绿色,绿色"
520,Grünen,1,Greens,"绿色的,绿色的,绿色的,绿色的,绿色的,绿色的,绿色的,绿色的,绿色的,绿色的,绿色的,绿色的,绿色的,绿色的,绿色的,绿色的,绿色的,绿色的,绿色的,绿色的,绿色的,绿色的,绿色的,绿色的,绿色的,绿色的,绿色的,绿色的,绿色的,绿色的,绿色的,绿色的,绿色的,绿色的,绿色的,绿色的,绿色的"
521,gute,1,"good, good, good, good, good, good, good, good, good, good, good, good, good, good, good, good, good, good, good, good, good, good, good, good, good, good, good, good, good, good, good, good, good, good, good, good, good, good, good, good, good, good, good, good, good, good, good, good, good, good, good, good, good, good, good, good, good, good, good, good, good, good, good, good, good, good, good, good, good, good, good, good, good, good, good, good, good, good, good, good, good, good, good, good, good,","好,好,好,好,好,好,好,好,好,好,好,好,好,好,好,好,好,好,好,好,好,好,好,好,好,好,好,好,好,好,好,好,好,好,好,好,好,好,好,好,好,好,好,好,好"
522,Haft,1,Detention,拘留所
523,Hagel,1,Hail,冰雹
524,Hagelbälle,1,Hagelbällen,冰雹
525,Hamas-Geiseln,1,Hamas hostages,哈马斯的枪林弹雨
526,Hamburgs,1,Hamburg,汉堡
527,Handbremse,1,Handbrake,手动刹车
528,Handy-Daten,1,Mobile phone data,手机数据
529,harsch,1,Harsh,婊子养的
530,Hegseth-Äußerung,1,Hegseth exterior,Hegsereth Outstanding Hegsth Remotement.
531,helfen,1,Help,帮助.
532,Hero,1,Hero,希羅
533,Hilfe,1,Help,救命!
534,hin,1,go,往西走
535,hinkt,1,limp,瘸子
536,hinter,1,behind,在后座的后面
537,Hipster,1,Hipster,嬉皮士 (Hipster)
538,Hits,1,Hits,歌声响起
539,hoch,1,High,抬高
540,Hochwasserkatastrophe,1,Flood disaster,严重水灾
541,hoffen,1,hope,希望是
542,hohen,1,high,高高在上
543,Holzlatte,1,Wood slat,"木板,木板,木板,木板,木板,木板,木板,木板,木板,木板,木板,木板,木板,木板,木板,木板,木板,木板"
544,Holzwirtschaft,1,Wood industry,木材管理
545,Hygge,1,Hygge,Hygge.
546,Händler,1,Distributors,经销商.
547,Härte,1,Hardness,硬汉子
548,Härtere,1,Harder,更加严厉
549,hässliche,1,Ugly,丑八怪
550,Höchststand,1,Highest level,最高水平
551,ihre,1,their,他们的... 他们的...
552,ihrem,1,of the,他们的... 他们的...
553,Illegale,1,Illegal,非法移民
554,Impulsgeber,1,Impulse encoder,脉冲推动器
555,Indien,1,India,"印度,印度,印度,印度,印度,印度,印度,印度,印度,印度,印度,印度,印度,印度,印度,印度,印度,印度,印度,印度,印度,印度,印度."
556,Industrie,1,Industry,工业化
557,Inklusion,1,Inclusion,引人注目
558,Intelligenz,1,Intelligence,聪明人
559,internationale,1,international,国际刑警组织
560,Internet,1,Internet,互联网上
561,Intoleranz,1,Intolerance,偏执狂
562,Investieren,1,Investing,投资投资
563,Isabel,1,Isabel,伊莎贝尔
564,Israel-Kurs,1,Israel Course,以色列课程
565,Israels,1,Israel,以色列
566,ja,1,Yes,是的
567,Jette,1,Jette,杰特
568,Job-Verzicht,1,Job Loss,工作上的事
569,Joel,1,Joel,Joel Joel
570,Jonathan,1,Jonathan,Jonathan Jonathan.
571,Jugend,1,Youth,年青人
572,Julia,1,Julia,朱丽叶.
573,Kaffeepreis,1,Coffee price,咖啡价格
574,Kanada,1,Canada,"加拿大,加拿大,加拿大,加拿大,加拿大,加拿大,加拿大,加拿大,加拿大,加拿大,加拿大,加拿大,加拿大,加拿大,加拿大,加拿大,加拿大,加拿大,加拿大,加拿大,加拿大,加拿大,加拿大,加拿大,加拿大,加拿大,加拿大,加拿大,加拿大,加拿大,加拿大,加拿大,加拿大,加拿大,加拿大,加拿大,加拿大,加拿大,加拿大,加拿大,加拿大,加拿大,加拿大,加拿大,加拿大,加拿大,加拿大,加拿大,加拿大,加拿大,加拿大,加拿大,加拿大,加拿大,加拿大,加拿大,加拿大,加拿大,加拿大,加拿大,加拿大,加拿大,加拿大,加拿大,加拿大."
575,kann,1,can,. . . . .
576,Karlsruhe,1,Karlsruhe,卡尔斯鲁厄斯
577,Karol,1,Karol,卡罗尔
578,Kartellamt,1,Antitrust Office,贩毒集团办公室
579,Kartellstrafe,1,Antitrust,贩毒集团刑期
580,katastrophal,1,Disaster,惨不忍睹
581,KI-Experten,1,AI experts,人工智能专家
582,Kind,1,Child,孩子
583,Kinderrechte,1,Children's rights,儿童权利.
584,Kirchen,1,Churches,教堂 教堂 教堂 教堂 教堂 教堂 教堂 教堂 教堂 教堂 教堂 教堂 教堂 教堂 教堂 教堂 教堂 教堂 教堂 教堂 教堂 教堂 教堂 教堂 教堂 教堂 教堂 教堂 教堂 教堂 教堂 教堂 教堂 教堂 教堂 教堂 教堂 教堂 教堂 教堂 教堂 教堂 教堂 教堂 教堂 教堂 教堂 教堂 教堂 教堂 教堂 教堂 教堂 教堂 教堂 教堂 教堂 教堂 教堂 教堂 教堂 教堂 教堂 教堂 教堂 教堂 教堂 教堂 教堂 教堂 教堂 教堂 教堂 教堂 教堂 教堂 教堂 教堂 教堂 教堂 教堂 教堂 教堂 教堂 教堂 教堂 教堂
585,Klagen,1,Actions,投诉
586,Klimakonferenz,1,Climate Conference,气候会议
587,Klimakrise,1,Climate crisis,气候危机
588,Klingbeil,1,Klingbeil,叮叮当
589,Klinik,1,Clinic,诊所
590,Klinik-Brand,1,Clinic fire,医院的桥梁
591,Kläranlagen,1,Waste water treatment plants,清理设施
592,Klöckner,1,Fowls of the species Gallus domesticus,卷饼机
593,Koalition,1,Coalition,联军
594,Kommentar,1,Comment,评论
595,Kommunen,1,Municipalities,市政厅
596,Konservativer,1,Conservative,"保守派,保守派,保守派,保守派,保守派,保守派,保守派,保守派,保守派,保守派,保守派,保守派,保守派,保守派,保守派,保守派,保守派,保守派,保守派,保守派,保守派,保守派,保守派,保守派,保守派,保守派,保守派,保守派,保守派,保守派,保守派,保守派,保守派,保守派,保守派,保守派,保守派,保守派,保守派,保守派."
597,Kopf-an-Kopf-Rennen,1,Head-to-head race,头对头比赛
598,Kosten,1,Costs,成本
599,Kraft,1,Force,力量
600,Kreml,1,Kremlin,克里姆林宫
601,Krieg,1,War,"战争,战争,战争,战争,战争,战争,战争,战争,战争,战争,战争,战争,战争,战争,战争,战争,战争,战争,战争,战争,战争,战争,战争,战争,战争"
602,Kriegsverbrecher,1,War criminals,战犯
603,Krisenzeiten,1,Times of crisis,危机时刻
604,kritisch,1,Critical,关键时刻
605,kritisieren,1,Criticism,批評人
606,Kulturelle,1,Cultural,文化的文化.
607,Kunstwerken,1,Works of art,藝術品
608,Kupferproduktion,1,Copper production,铜制成
609,Kupfers,1,Copper,铜.
610,ködern,1,Odds,诱饵
611,kündigt,1,Dismissed,宣布结束
612,Künstliche,1,Artificial,人工智能
613,Lagebild,1,Situation picture,位置图
614,Land,1,Country,陆地
615,Landes,1,Country,国家
616,Landgericht,1,Regional Court,国家法院
617,langsamer,1,Slow,慢一点
618,langsamsten,1,Slowest,"最慢的,最慢的."
619,Lava,1,Lava,"岩漿,岩漿,岩漿,岩漿,岩漿,岩漿,岩漿,岩漿,岩漿,岩漿,岩漿,岩漿,岩漿,岩漿,岩漿,岩漿,岩漿,岩漿,岩漿,岩漿,岩漿,岩漿,岩漿,岩漿,岩漿,岩漿,岩漿,岩漿,岩漿,岩漿,岩漿,岩漿,岩漿,岩漿,岩漿"
620,Le,1,Le,Le Le
621,League,1,League,联盟联盟 (National Alliance)
622,Lebenslange,1,Lifelong,一生一世
623,Lebensmittel,1,Foodstuffs,"食物,食物,食物,食物,食物,食物,食物,食物,食物,食物,食物"
624,Lee,1,Lee,"李,李,李,李,李"
625,Lehrer,1,Teachers,老师
626,leisten,1,to the extent that:,有能力
627,lernen,1,learning,學著點
628,letzte,1,last,最近一次
629,Leuchtturm,1,Lighthouse,"灯塔,灯塔,灯塔,灯塔,灯塔,灯塔,灯塔,灯塔,灯塔,灯塔,灯塔,灯塔,灯塔,灯塔,灯塔,灯塔,灯塔,灯塔,灯塔,灯塔,灯塔,灯塔,灯塔,灯塔,灯塔,灯塔,灯塔,灯塔,灯塔,灯塔,灯塔,灯塔,灯塔,灯塔,灯塔,灯塔,灯塔,灯塔,灯塔,灯塔"
630,Lives,1,Lives,现场直播
631,Lkw,1,Trucks,卡车
632,Lkw-Unfall,1,Truck accident,卡车事故
633,locken,1,lure,诱饵
634,machen,1,make,做... 做...
635,Machtspiele,1,Power Games,权力游戏
636,Madeleine,1,Madeleine,玛德莱娜
637,mal,1,times,一次. . .
638,Matter,1,Matter,Matter Matter
639,McCann,1,McCann,McCin.
640,Medien,1,Media,"媒体,媒体,媒体,媒体,媒体,媒体,媒体,媒体,媒体,媒体,媒体,媒体,媒体,媒体,媒体,媒体,媒体,媒体,媒体,媒体,媒体,媒体,媒体,媒体,媒体,媒体,媒体,媒体,媒体"
641,mehrere,1,several,数不清次数
642,Menschenrechte,1,Human rights,"人权,人权,人权,人权,人权,人权,人权,人权,人权,人权,人权,人权,人权,人权,人权,人权,人权,人权,人权,人权,人权."
643,Mentale,1,Mental,"心理学,心理学,心理学,心理学,心理学,心理学,心理学,心理学,心理学,心理学,心理学,心理学,心理学,心理学,心理学,心理学,心理学,心理学,心理学,心理学,心理学,心理学,心理学,心理學,心理學,心理學,心理學,心理學,心理學,心理學,心理學,心理學,心理學,心理學,心理學,心理學,心理學,心理學,心理學,心理學,心理學,心理學"
644,mentalen,1,mental,心理学上讲
645,Meter,1,Meters,计μ
646,Metropolen,1,Metropolises,大都会大都会
647,Mexikaner,1,Mexicans,墨西哥人
648,Migranten,1,Migrants,移徙者
649,Migrationspolitik,1,Migration policy,移民政策
650,Militäreinsatz,1,Military operation,军事行动
651,Militärflughäfen,1,Military airports,军事空军基地
652,Milliarden,1,Billions,数十亿美元
653,Millionen,1,Millions,数百万美元
654,Ministerpräsident,1,Prime Minister,总理
655,Missbrauchstäter,1,Abuse offenders,虐待者被虐待
656,Motorrad,1,Motorcycle,摩托车
657,Munitionsfabriken,1,Ammunition factories,弹药工厂
658,Musk-Freund,1,Musk friend,穆斯卡之友
659,Musk-Vertrauter,1,Musk Trustee,信任穆斯卡的穆斯卡人
660,Musks,1,Musks,Musks.
661,Mutterschutz,1,Parental protection,产后保护
662,Nachfrage,1,Demand,需要什麼?
663,Nahost,1,Middle East,中东地区
664,Nahost-Liveblog,1,Middle East live blog,中东里程碑
665,Nasser,1,Wet,納瑟·納賽爾
666,nationalpopulistisch,1,National populist,全国民粹主义者
667,Nawrockis,1,Nawrockis,纳瓦基斯
668,nehmen,1,Take,取走...
669,nein,1,yes,"不,不,不,不,不,不,不,不,不,不,不,不,不,不,不,不,不,不,不,不,不,不,不,不,不,不,不,不,不,不,不,不,不,不,不,不,不,不,不,不,不,不,不,不,不,不,不,不,不,不,不,不,不,不,不,不,不,不,不,不."
670,Nerds,1,Nerds,书呆子们
671,Neu,1,New,新的...
672,neuen,1,new,新的...
673,Neuralink,1,Neuralink,神经系统失灵了
674,Neuregelung,1,New rules,重新安排
675,New,1,New,新的. . .
676,Niederlanden,1,Netherlands,荷兰人
677,Nigeria,1,Nigeria,奈及利亞
678,nun,1,now,现在...
679,nur,1,only,只是...
680,OECD,1,OECD,经合组织 (OECD) 经合组织 (OECD)
681,offenbar,1,apparently,"显然,很明显的,"
682,organisiert,1,Organised,安排好了吗?
683,Ort,1,Place,地点
684,Parfum,1,Perfume,香水香水
685,Paris,1,Paris,"巴黎,巴黎,巴黎,巴黎,巴黎,巴黎,巴黎,巴黎,巴黎,巴黎,巴黎,巴黎,巴黎,巴黎,巴黎,巴黎,巴黎,巴黎,巴黎,巴黎,巴黎,巴黎,巴黎,巴黎,巴黎,巴黎,巴黎,巴黎,巴黎,巴黎,巴黎,巴黎,巴黎,巴黎,巴黎,巴黎,巴黎,巴黎,巴黎,巴黎,巴黎,巴黎,巴黎,巴黎,巴黎,巴黎,巴黎,巴黎,巴黎,巴黎,巴黎,巴黎,巴黎,巴黎,巴黎,巴黎,巴黎,巴黎,巴黎,巴黎,巴黎,巴黎,巴黎,巴黎,巴黎,巴黎,巴黎,巴黎,巴黎,巴黎."
686,Paul,1,Paul,保罗
687,polarisierte,1,polarised,极化
688,Populismus,1,Populism,民粹主义
689,Portugal-Duell,1,Portugal-Dull,葡萄牙二重奏
690,prallt,1,Bounces,闪闪发亮
691,Preisträger,1,Winners,获奖者
692,Preisvorgaben,1,Price targets,价格定价
693,Pro,1,Per,- 每位
694,Pro-europäisch,1,Pro-European,亲欧洲
695,Problem,1,Problem,有问题吗?
696,profitiert,1,benefits,获益良多
697,Prognose,1,Forecast,预测结果
698,Proteste,1,Protests,抗议活动
699,Provinz,1,Province,省份
700,Prozentdiskussion,1,Percentage discussion,百分比讨论
701,Präsidenten,1,Presidents,总统
702,Präsidentschaftswahl,1,Presidential election,竞选总统
703,Präsidentschaftswahlen,1,Presidential elections,总统选举
704,PSG-Sieg,1,PSG Victory,PSG - 胜利
705,Psychiatrie,1,Psychiatry,精神病史
706,Radfahrer,1,Cyclists,自行车司机
707,Randale,1,Randal,边框线
708,Rapper,1,Rapper,饒舌歌手
709,Raue,1,Rough,蕾依
710,reagiert,1,responds,回应了
711,rechtliche,1,legal,法律上
712,rechtsextremistisch,1,extreme right,极右翼的极权主义分子
713,Rechtsmedizin,1,Forensic medicine,法律医学院 法律医学院
714,Rechtspopulist,1,Right populist,右翼民粹主义者
715,Rechtsruck,1,Right turn,右边车道
716,Rechtsverständnis,1,Legal understanding,法律上的理解
717,Regen,1,Rain,"雨,雨,雨,雨,雨,雨,雨,雨,雨,雨,雨,雨,雨,雨"
718,Regierungsbank,1,Government bank,政府银行
719,Regierungskoalition,1,Government coalition,政府联盟
720,Regierungspläne,1,Government plans,政府计划
721,Rennen,1,Race,跑啊! 跑啊!
722,Rheinland-Pfalz,1,Rhineland-Palatinate,莱茵兰草原
723,Richter,1,Judge,法官
724,Richtungswahl,1,Directional choice,方向拨号
725,Riechen,1,Smell,闻闻看
726,Risiko,1,Risk,冒着风险
727,Roter,1,Red,"红色,红色,红色,红色,红色,红色,红色,红色,红色,红色,红色,红色,红色,红色,红色,红色,红色,红色,红色,红色,红色,红色,红色,红色,红色,红色,红色,红色,红色,红色,红色,红色,红色,红色,红色,红色,红色,红色,红色,红色,红色,红色,红色,红色,红色,红色,红色,红色,红色,红色,红色,红色,红色,红色,红色,红色,红色,红色,红色,红色,红色"
728,Russlands,1,Russia,"俄罗斯,俄罗斯,俄罗斯,俄罗斯,俄罗斯,俄罗斯,俄罗斯,俄罗斯,俄罗斯,俄罗斯,俄罗斯,俄罗斯,俄罗斯,俄罗斯,俄罗斯,俄罗斯,俄罗斯,俄罗斯,俄罗斯,俄罗斯,俄罗斯,俄罗斯,俄罗斯,俄罗斯,俄罗斯,俄罗斯,俄罗斯,俄罗斯,俄罗斯,俄罗斯,俄罗斯,俄罗斯,俄罗斯,俄罗斯,俄罗斯,俄罗斯,俄罗斯,俄罗斯,俄罗斯,俄罗斯,俄罗斯,俄罗斯,俄罗斯,俄罗斯,俄罗斯,俄罗斯,俄罗斯,俄罗斯,俄罗斯,俄罗斯,俄罗斯,俄罗斯,俄罗斯,俄罗斯,俄罗斯,俄罗斯,以及俄罗斯,以及俄罗斯,以及俄罗斯,都属于俄罗斯."
729,Rügen,1,Beef and veal,谎话连篇
730,Sabotage,1,Sabotage,"破坏,破坏,破坏,破坏,破坏,破坏,破坏,破坏,破坏,破坏,破坏,破坏,破坏,破坏,破坏,破坏,破坏,破坏,破坏,破坏,破坏,破坏,破坏,破坏,破坏,破坏,破坏,破坏,破坏,破坏,破坏,破坏,破坏,破坏,破坏,破坏,破坏,破坏,破坏,破坏,破坏,破坏,破坏,破坏,破坏,破坏,破坏,破坏,破坏,破坏,破坏,破坏,破坏,破坏,破坏,破坏,破坏,破坏,破坏,破坏,破坏,破坏,破坏,破坏,破坏"
731,Sand,1,Sand,"沙子,沙,沙,沙,沙,沙,沙,沙,沙,沙,沙,沙,沙,沙,沙,沙,沙,沙,沙,沙,沙,沙,沙,沙,沙,沙,沙,沙,沙"
732,Santos,1,Santos,桑托斯
733,Schaden,1,Damage,损害了我们的安全
734,schaltet,1,Switches,开机吧
735,Schande,1,Shame,丢人现眼
736,Schauer,1,Showers,阵雨
737,scheitert,1,Failed,失敗了
738,Schoof,1,"Fowls of the species Gallus domesticus, not cut in pieces",Shoof Schoof
739,Schreiber,1,Writer,书记员
740,Schuttberg,1,Schuttberg,穆斯伯格
741,schwach,1,weak,薄弱的.
742,Schwere,1,Severe,很重
743,schwerer,1,Hepatobiliary disorders,"很重,更重"
744,Schwimmbecken,1,Swimming pools,游泳!
745,Scouarnec,1,Scouarnec,斯库鲁尼克 (Scurunec)
746,Segelschiff,1,Sailing vessel,帆船
747,sehr,1,Very,"非常,非常,非常,非常,非常,非常,非常,非常,非常,非常,非常,非常,非常,非常,非常,非常,非常,非常,非常,非常,非常,非常,非常,非常,非常,非常,非常,非常,非常,非常,非常,非常,非常,非常,非常,非常,非常,非常,非常,非常,非常,非常,非常,非常,非常,"
748,sein,1,be,他的
749,seine,1,its,他的. . .
750,seit,1,since,从那时起
751,Seite,1,Page,页面
752,Selenskyj,1,Selenskyj,塞伦斯基
753,Serbien,1,Serbia,塞尔维亚 塞尔维亚 塞尔维亚 塞尔维亚 塞尔维亚 塞尔维亚 塞尔维亚 塞尔维亚 塞尔维亚 塞尔维亚 塞尔维亚 塞尔维亚 塞尔维亚 塞尔维亚 塞尔维亚 塞尔维亚 塞尔维亚 塞尔维亚 塞尔维亚 塞尔维亚 塞尔维亚 塞尔维亚 塞尔维亚 塞尔维亚 塞尔维亚 塞尔维亚 塞尔维亚 塞尔维亚 塞尔维亚 塞尔维亚 塞尔维亚 塞尔维亚 塞尔维亚 塞尔维亚 塞尔维亚 塞尔维亚 塞尔维亚 塞尔维亚 塞尔维亚 塞尔维亚 塞尔维亚 塞尔维亚 塞尔维亚 塞尔维亚 塞尔维亚 塞尔维亚 塞尔维亚 塞尔维亚 塞尔维亚 塞尔维亚 塞尔维亚 塞尔维亚 塞尔维亚 塞尔维亚 塞尔维亚 塞尔维亚 塞尔维亚 塞尔维亚
754,Sexismus,1,Sexism,性别歧视
755,sexueller,1,sexual,性行为
756,Sherlock,1,Sherlock,夏洛克 {\fn微软雅黑\b0\fs14\3cH000000\shad1}Sherlock.
757,sichern,1,Secure,确保安全
758,Sie,1,They,他们... 他们...
759,Sieger,1,Winner,胜利者是胜利者
760,sieht,1,see,看见没?
761,Sitzungspräsidentin,1,President of the sitting,会议主席
762,Sizilien,1,Sicily,西西里岛
763,So,1,That's what I'm saying.,所以... So...
764,Social,1,Social,社会福利
765,Sonne,1,Sun,"太阳,太阳,太阳,太阳,太阳,太阳,太阳,太阳,太阳,太阳,太阳,太阳,太阳,太阳,太阳,太阳,太阳,太阳,太阳,太阳,太阳,太阳,太阳,太阳,太阳,太阳,太阳,太阳,太阳,太阳,太阳,太阳,太阳,太阳,太阳,太阳,太阳,太阳,太阳,太阳,太阳,太阳,太阳,太阳,太阳,太阳,太阳,太阳,太阳,太阳,太阳,太阳,太阳,太阳,太阳,太阳,太阳,太阳,太阳,太阳,太阳,太阳,太阳,太阳,太阳,太阳,太阳,太阳,太阳和太阳,以及太阳的太阳."
766,Sparprogramm,1,Savings programme,储蓄计划
767,Spiel,1,game,游戏规则
768,Sprengstoffattacke,1,Explosive attack,爆炸物袭击
769,spuckt,1,Spit,吐口水
770,später,1,Later,过会儿再说
771,Staatsschulden,1,Government debt,主权债务
772,Stahlbranche,1,Steel industry,钢铁业
773,stark,1,strong,强壮的.
774,starten,1,Start,升空了
775,steigt,1,Ascending,上升
776,Steinmeier,1,Steinmeier,石头盒.
777,stimmen,1,vote,-对 -对
778,stirbt,1,Dies,死了
779,Strömungen,1,Currents,洋流
780,Städten,1,Cities,"城市,城市,城市,城市,城市,城市,城市,城市,城市,城市,城市和城市"
781,stärken,1,Strengthen,加强了它
782,stärker,1,Stronger,更强大
783,suchen,1,search,寻找
784,syrischen,1,Syrian,叙利亚人
785,Tage,1,Days,几天
786,Tah,1,Tah,{\fn黑体\fs22\bord1\shad0\3aHBE\4aH00\fscx67\fscy66\2cHFFFFFF\3cH808080}嗯... ... {\fnarial black\fs12\bord1\shad0\4aH00\fscx90\fscy110}Uh...
787,Taiwan,1,Taiwan,"台湾,台湾,台湾,台湾,台湾,台湾,台湾,台湾,台湾,台湾,台湾,台湾,台湾,台湾,台湾,台湾,台湾,台湾,台湾,台湾,台湾,台湾,台湾,台湾,台湾,台湾,台湾,台湾,台湾,台湾,台湾,台湾,台湾,台湾,台湾,台湾,台湾,台湾,台湾,台湾,台湾,台湾."
788,Tal,1,Valley,山谷.
789,Tatarstan,1,Tatarstan,塔施坦
790,Tausende,1,Thousands,成千上萬的人
791,teil,1,Part,参与其中
792,Terrorakt,1,Terrorism,恐怖行动
793,Thunberg,1,Thunberg,Thunberg Thunberg.
794,Thüringer,1,Thüringer,Thuringer Thominger.
795,Tiefe,1,Depth,深度
796,Tim,1,Tim,Tim Tim
797,trennt,1,Separation,分居了
798,Trump-Regierung,1,Trump administration,特朗普政府
799,Trzaskowski,1,Trzaskovsky,Tzaskowski. Tzaskowski.
800,turbulenten,1,turbulent,乱流
801,TV-Turm-Lokal,1,TV Tower Local,电视塔楼酒吧
802,tödlichem,1,fatal,致命武器
803,türkischer,1,Turkey,土耳其人
804,Ukrainekrieg,1,Ukraine War,乌克兰战争
805,Ukrainischer,1,Ukrainian,乌克兰语
806,um,1,for,. . . .
807,umfassende,1,"In this case, it is not possible to do so.","全面的,全面的"
808,umgehen,1,Bypassing,绕着路走
809,Umsetzung,1,Transposition,执行情况
810,Unbekannte,1,Unknown,未知号码
811,UNESCO-Welterbestätten,1,UNESCO World Heritage Sites,UNESCO世界遗产公司 (UNEXCO)
812,Unfälle,1,Accidents,"意外,意外,意外,意外,意外,意外,意外,意外,意外,意外,意外,意外"
813,ungeklärte,1,Unexplained,不明的不明人物
814,Unglück,1,Unhappiness,厄运降临了
815,Universitäten,1,Universities,大学里
816,unter,1,under,. . .
817,Unternehmen,1,Enterprises,"公司,公司,公司,企业,企业,企业,企业,企业,企业,企业,企业,企业,企业,企业,企业,企业,企业,企业,企业,企业,企业,企业,企业,企业,企业,企业,企业,企业,企业,企业,企业,企业,企业,企业,企业,企业,企业,企业,企业,企业,企业,企业,企业,企业,企业,企业,企业,企业,企业,企业,企业,企业,企业,企业,企业,企业,企业,企业,企业,企业,企业,企业,企业,企业,企业,企业,企业,企业,企业,企业,企业,企业,企业,企业,企业"
818,unterwegs,1,on the road,在路上
819,US-Botschafter,1,US Ambassadors,美国大使
820,US-Vermittler,1,U.S. Mediators,美国侦探
821,US-Zollstreit,1,US Customs Dispute,"美国战争,美国战争."
822,US-Äußerung,1,U.S. outside,美国的裁军
823,Verbindung,1,Connection,连接方式
824,Verfahren,1,Procedure,程序性程序
825,Verfassungsfeinde,1,Constituent enemies,宪法之敌
826,Vergleich,1,Comparison,比较一下
827,verhandeln,1,Negotiating,谈判 谈判 谈判 谈判 谈判 谈判 谈判 谈判 谈判 谈判 谈判 谈判 谈判 谈判 谈判 谈判 谈判 谈判 谈判 谈判 谈判 谈判 谈判 谈判 谈判 谈判 谈判 谈判 谈判 谈判 谈判 谈判 谈判 谈判 谈判 谈判 谈判 谈判 谈判 谈判 谈判 谈判 谈判 谈判 谈判 谈判 谈判 谈判 谈判 谈判 谈判 谈判 谈判 谈判 谈判 谈判 谈判 谈判 谈判 谈判 谈判 谈判 谈判 谈判 谈判 谈判 谈判 谈判 谈判 谈判
828,Verhandlungen,1,Negotiations,谈判 谈判 谈判 谈判 谈判 谈判 谈判 谈判 谈判 谈判 谈判 谈判 谈判 谈判 谈判 谈判 谈判 谈判 谈判 谈判 谈判 谈判 谈判 谈判 谈判 谈判 谈判 谈判 谈判 谈判 谈判 谈判 谈判 谈判 谈判 谈判 谈判 谈判 谈判 谈判 谈判 谈判 谈判 谈判 谈判 谈判 谈判 谈判 谈判 谈判 谈判 谈判 谈判 谈判 谈判 谈判 谈判 谈判 谈判 谈判 谈判 谈判 谈判 谈判 谈判 谈判 谈判 谈判 谈判 谈判 谈判 谈判 谈判
829,Verhandlungsmemorandum,1,Negotiating memorandum,商讨室
830,Verkehr,1,Transport,交通堵塞 交通堵塞 交通堵塞 交通堵塞 交通堵塞 交通堵塞 交通堵塞 交通堵塞 交通堵塞 交通堵塞 交通堵塞 交通堵塞 交通堵塞 交通堵塞 交通堵塞 交通堵塞 交通堵塞 交通堵塞 交通堵塞 交通堵塞 交通堵塞 交通堵塞 交通堵塞 交通堵塞 交通堵塞 交通堵塞 交通堵塞 交通堵塞 交通堵塞 交通堵塞 交通堵塞 交通堵塞 交通堵塞 交通堵塞 交通堵塞 交通堵塞 交通堵塞
831,verloren,1,Lost,输定了
832,Vermisstenfall,1,Missing cases,失踪人口案件
833,Verteidigungsausgaben,1,Defence expenditure,防务支出
834,Verteilzentrum,1,Distribution centre,分配中心
835,verunglückter,1,Accidental,意外事故
836,verurteilt,1,Convicted,判刑
837,verwirft,1,discarded,"投球,投球,投球,投球,投球,投球"
838,veröffentlicht,1,published,出版社
839,vorerst,1,For the time being,目前为止
840,vorne,1,Front,前面
841,Vorwurf,1,Allegation,指控我有罪
842,Vorwürfen,1,Allegations,怪罪于我
843,Vulkan,1,Volcano,瓦肯星人
844,VW-Mitarbeiter,1,VW employees,VW员工
845,Waffenexporte,1,Arms exports,武器出口
846,Waffenhilfe,1,Arms aid,武器援助
847,Waffenstopp,1,Weapon stop,停止武器
848,Wagenknecht,1,Car Servant,修车工
849,Wahl,1,Election,选择权在他们手里
850,Wahlsieg,1,Electoral victory,选举胜利
851,warnen,1,Warning,警告:
852,Warnung,1,Warning,(PHP 4 = 4.2.0)
853,Warum,1,Why,为什么?
854,Waschmitteln,1,Washers,洗衣液
855,Weinstein-Prozess,1,Weinstein process,韦恩斯坦进程
856,weist,1,points out that:,证据确凿
857,Weit,1,Far,远的要命
858,Weiterhin,1,Continued,继续说下去
859,Welterbetag,1,World Heritage Day,世界和平日
860,Weltpremiere,1,World premiere,世界首映式
861,Wer,1,Who,谁是谁?
862,werfen,1,throw,投掷.
863,wertet,1,rated,估价.
864,Westküste,1,West Coast,西海岸
865,Wetterprognose,1,Weather forecast,天气预报
866,Wettervorhersage,1,Weather forecast,天气预报
867,wichtig,1,important,很重要的
868,widerspricht,1,contradicts,反对意见相抵触
869,Wirecard-Trauma,1,Wirecard trauma,网络卡的梦境
870,wirft,1,throws,投掷.
871,Wirtschaft,1,Economy,"經濟學,經濟學,經濟學,經濟學,經濟學,經濟學,經濟學,經濟學,經濟學,經濟學,經濟學,經濟學,經濟學,經濟學,經濟學,經濟學,經濟學,經濟學等"
872,wissen,1,know,了解
873,Witkoff,1,Witkoff,Witkoff
874,WM,1,World Cup,WMWM
875,Wochenstart,1,Week start,一周的起步
876,Wokeness,1,Wokeness,沃克尼斯沃克涅斯.
877,Wut,1,Anger,"愤怒,愤怒,愤怒,愤怒,愤怒,愤怒,愤怒,愤怒,愤怒,愤怒,愤怒,愤怒,愤怒,愤怒,愤怒,愤怒,愤怒,愤怒,愤怒,愤怒,愤怒,愤怒和愤怒"
878,wählt,1,Selects,选择
879,Würde,1,I'd like to talk to you about this.,尊嚴
880,York,1,York,约克.
881,zahlen,1,pay,支付.
882,Zeit,1,Time,时间不多了
883,Zeiten,1,Periods,时光飞逝
884,zerbricht,1,Broken,断裂了
885,zerstört,1,Destroyed,被摧毁了
886,zerstörte,1,destroyed,被摧毁了
887,Ziemiak,1,Ziemiak,齐美克人
888,Zivilgesellschaft,1,Civil society,民间社会
889,Zivilisten,1,Civilians,平民百姓.
890,Zollkonflikt,1,Customs conflict,关税冲突
891,Zug,1,Train,火车
892,zunehmend,1,Increasingly,愈来愈多人
893,zurück,1,back,退回去
894,Zweiter,1,Second,第二件东西
895,ändern,1,change,改变.
896,Ätna,1,Etna,埃特纳.
897,Überflutungen,1,Floods,洪水泛滥
898,überraschend,1,Surprising,出乎意料
899,überziehen,1,Cover,穿戴整齐
